artista_principal,n_tracks,mean_popularity,median_popularity,explicit_rate,n_generos_mean,n_artistas_mean,danceability,energy,loudness,speechiness,acousticness,instrumentalness,liveness,valence,tempo
Сергей Зыков,16,0.0,0.0,0.0,1.0,1.125,0.3560625,0.4018125,-10.406875,0.05273125,0.903,0.0686518725,0.15669375000000002,0.36489375,105.0751875
Amadou & Mariam,7,0.0,0.0,0.0,1.0,1.0,0.651,0.7125714285714285,-8.53,0.038771428571428575,0.2942857142857143,0.029196218571428574,0.15727142857142856,0.6345714285714286,123.30942857142857
Yuri Buenaventura,8,0.0,0.0,0.0,1.0,1.125,0.749625,0.832125,-4.370875,0.04935,0.631375,0.004119365,0.1200125,0.80075,111.94575
Years & Years,10,0.0,0.0,0.2,2.9,1.4,0.5854,0.8507999999999999,-4.285200000000001,0.10643,0.06914000000000001,0.0,0.22583000000000003,0.5431,118.37719999999999
Asef Akbari,12,0.0,0.0,0.0,1.0,1.5,0.2945,0.2735,-16.426916666666667,0.03635,0.87725,0.8088666666666667,0.12175833333333334,0.089025,97.88283333333334
ArtSaves,8,0.0,0.0,0.0,1.0,1.0,0.2503125,0.5064875,-12.855125000000001,0.0938625,0.484170175,0.879,0.146875,0.0627375,118.819125
chloe moriondo,6,0.0,0.0,0.3333333333333333,1.0,1.3333333333333333,0.6875,0.6213333333333333,-5.774,0.0614,0.019213333333333336,2.317e-05,0.15555,0.585,119.48
Zhoobin Askarieh,9,0.0,0.0,0.0,1.0,1.7777777777777777,0.25194444444444447,0.6756,-11.950444444444445,0.11441111111111112,0.43743533333333334,0.6574677777777778,0.19503333333333334,0.15654444444444446,123.5891111111111
Atria,8,0.0,0.0,0.0,1.0,1.0,0.4585,0.87525,-5.01725,0.134575,0.10575947875,0.25617625,0.1931125,0.1997375,131.850625
Ashley McBryde,7,0.0,0.0,0.0,1.0,1.0,0.6294285714285713,0.65,-5.706142857142857,0.046714285714285715,0.22272857142857141,0.0015790157142857141,0.13885714285714285,0.6657142857142857,127.97714285714287
Azooma,5,0.0,0.0,0.8,1.0,1.0,0.2312,0.9046,-6.7774,0.14554,0.008670951999999999,0.7694,0.30978000000000006,0.15622,164.924
Alejandro Fernández,5,0.0,0.0,0.0,2.0,1.4,0.5528000000000001,0.6654,-6.2416,0.051519999999999996,0.4234,2.98e-07,0.08476,0.5382,136.1548
Nat King Cole Trio,14,0.0,0.0,0.0,1.0,1.0,0.6368571428571429,0.14942857142857144,-12.338571428571429,0.05415,0.8718571428571428,1.4250000000000001e-06,0.14118571428571428,0.43785714285714283,113.74621428571429
Najand,33,0.0,0.0,0.0,1.0,1.0,0.23517272727272728,0.8082121212121212,-3.399060606060606,0.0927,0.21654036666666665,0.5966686545454546,0.42824242424242426,0.12942121212121213,107.53248484848486
Nadezhda Kazantseva,6,0.0,0.0,0.0,1.0,1.3333333333333333,0.40349999999999997,0.21783333333333332,-13.049666666666667,0.049833333333333334,0.9838333333333332,0.0017080533333333333,0.2685,0.217,96.98
Augustus Pablo,5,0.0,0.0,0.0,2.0,1.0,0.6125999999999999,0.4542,-13.013,0.10998,0.144074,0.54006,0.16598,0.6768,114.4022
Соня Тимофеева,5,0.0,0.0,0.0,1.0,1.0,0.38380000000000003,0.23784,-15.606,0.05588,0.9178,0.014309104,0.1748,0.43220000000000003,111.56799999999998
Olivia Dean,8,0.0,0.0,0.0,1.0,1.0,0.6365,0.3175,-8.15875,0.041550000000000004,0.70975,0.0009375,0.111,0.21925,91.38225
Meditation Rain Sounds,10,0.0,0.0,0.0,1.0,4.0,0.4394,0.9960000000000001,-18.5134,0.04829,0.9345000000000001,0.8586,0.9436,0.014779999999999998,79.9821
Maurice Ravel,10,0.0,0.0,0.0,1.0,2.7,0.27959999999999996,0.0841256,-24.7234,0.057589999999999995,0.9718,0.57464,0.15115,0.13704,91.0789
Mehdi Khayami,5,0.0,0.0,0.0,1.0,2.6,0.3466,0.25112,-15.509199999999998,0.11224,0.85,0.5582800000000001,0.1484,0.06332,111.78040000000001
Travis Tritt,6,0.0,0.0,0.0,1.0,1.0,0.5936666666666667,0.7143333333333334,-9.276166666666667,0.03326666666666667,0.1926,0.031566666666666666,0.09053333333333334,0.8011666666666667,145.97833333333332
Michael Ray,16,0.0,0.0,0.0,1.0,1.0,0.6479374999999999,0.630625,-5.8050625,0.03504375,0.21938312499999998,0.001144165625,0.20061875,0.49156249999999996,123.02981249999999
CRO,6,0.0,0.0,0.16666666666666666,1.0,1.3333333333333333,0.7461666666666668,0.5671666666666667,-7.490666666666667,0.07221666666666667,0.2939833333333333,0.03381683666666666,0.12376666666666668,0.5745,104.29
Boomdabash,10,0.0,0.0,0.0,1.0,1.9,0.8271000000000001,0.6599,-5.872400000000001,0.17452,0.10536999999999999,9.81e-07,0.18192,0.769,121.1828
Boris Shtokolov,5,0.0,0.0,0.0,1.0,1.6,0.2972,0.34059999999999996,-12.848400000000002,0.06838,0.967,0.11400378,0.15854,0.21952,122.9494
Bryce Vine,6,0.0,0.0,0.16666666666666666,1.0,1.5,0.6906666666666667,0.7626666666666666,-4.721666666666667,0.0579,0.27348333333333336,3.239666666666667e-05,0.21283333333333335,0.622,104.61016666666667
Black Rob,5,0.0,0.0,1.0,1.0,2.2,0.725,0.7506,-6.3351999999999995,0.354,0.18914,0.0,0.18856,0.6284000000000001,106.48859999999999
Big Daddy Kane,5,0.0,0.0,0.0,1.0,1.0,0.8138,0.5976,-13.0624,0.21724000000000002,0.0062068,0.000580202,0.11456,0.7098,117.0752
Big & Rich,6,0.0,0.0,0.0,1.0,1.5,0.49499999999999994,0.8945,-5.3,0.0837,0.05229999999999999,7.35e-06,0.17650000000000002,0.5195,141.3235
Baby Tate,5,0.0,0.0,1.0,1.0,1.0,0.874,0.5414000000000001,-6.8286,0.27658,0.11524800000000002,0.0,0.2112,0.629,147.9906
Baby Lullaby,6,0.0,0.0,0.0,1.0,1.0,0.445,0.04095,-20.81716666666667,0.06133333333333333,0.8703333333333333,0.8343333333333334,0.13791666666666666,0.40116666666666667,110.64666666666666
Morgan Evans,12,0.0,0.0,0.0,1.0,1.25,0.507,0.8049166666666667,-5.96575,0.07208333333333335,0.14289166666666667,8.53e-06,0.25958333333333333,0.642,171.56283333333332
Mel Tormé,9,0.0,0.0,0.0,1.0,1.1111111111111112,0.4731111111111111,0.16978888888888888,-17.835111111111114,0.039733333333333336,0.8036666666666666,0.105,0.16282222222222223,0.4059666666666667,112.00844444444445
Tom Petty and the Heartbreakers,17,0.0,0.0,0.0,3.4705882352941178,1.0,0.4621176470588235,0.8161764705882353,-6.05835294117647,0.039911764705882355,0.10801176470588236,8.33235294117647e-06,0.4387176470588235,0.6122941176470589,133.78411764705882
Eels,7,0.0,0.0,0.0,1.0,1.0,0.4848571428571429,0.8012857142857143,-7.193714285714286,0.06767142857142858,0.16653142857142858,0.06569342857142858,0.16014285714285714,0.7227142857142858,154.18
Ekwon,10,0.0,0.0,0.9,1.0,1.0,0.3484,0.8791,-5.6667000000000005,0.08715999999999999,0.080360141,0.7097,0.43242,0.09683,130.3576
Sturgill Simpson,6,0.0,0.0,0.0,4.0,1.0,0.45366666666666666,0.5446666666666666,-7.440333333333334,0.028066666666666667,0.06698333333333333,0.24066666666666667,0.12333333333333334,0.47833333333333333,118.02633333333334
Thalia,5,0.0,0.0,0.0,1.0,1.0,0.7213999999999999,0.8492000000000001,-6.054,0.05378000000000001,0.22653999999999996,0.0065477239999999996,0.19276,0.8262,122.0038
Tension Prophecy,8,0.0,0.0,0.5,1.0,1.0,0.27825,0.9077500000000001,-5.61275,0.112625,0.00416785,0.724625,0.19645,0.2475,129.502875
Faith Evans,5,0.0,0.0,0.4,1.0,1.4,0.545,0.5542,-7.8036,0.07026,0.37444,3.2799999999999997e-07,0.27080000000000004,0.42560000000000003,111.63380000000002
Eric Burdon,11,0.0,0.0,0.0,3.0,1.0,0.649,0.6904545454545454,-7.898636363636363,0.02907272727272727,0.25772727272727275,0.0,0.16063636363636363,0.8762727272727274,119.07463636363636
Eternal Griefs,6,0.0,0.0,0.0,1.0,1.0,0.23181666666666667,0.7501666666666668,-11.174833333333334,0.06685,0.027267800000000005,0.7758333333333334,0.14895,0.18341666666666667,133.75266666666667
Lil' Kim,5,0.0,0.0,0.8,1.0,1.4,0.716,0.649,-8.0964,0.2646,0.178188,0.00013981,0.10167999999999999,0.6272,87.5764
Leila Bela,29,0.0,0.0,0.0,1.0,1.3103448275862069,0.3283448275862069,0.32838586206896553,-19.234517241379308,0.15214137931034483,0.7176068965517242,0.3408733172413793,0.2433103448275862,0.16503793103448278,117.13987999999999
Pretenders,7,0.0,0.0,0.0,1.0,1.0,0.3352857142857143,0.7364285714285713,-8.627571428571429,0.031114285714285712,0.019074285714285714,0.028614285714285714,0.11285714285714285,0.5037142857142857,107.00814285714286
Percy Sledge,9,0.0,0.0,0.0,1.0,1.0,0.56,0.34344444444444444,-12.744777777777777,0.02863333333333333,0.6346666666666666,0.009290877777777777,0.1833111111111111,0.404,84.21722222222222
Felix Mendelssohn,5,0.0,0.0,0.0,2.0,2.8,0.2934,0.14974,-19.6822,0.04052,0.9496,0.8342,0.1288,0.20298,111.40979999999999
Franz Liszt,10,0.0,0.0,0.0,1.0,2.0,0.2793,0.13040000000000002,-24.310399999999998,0.04085,0.9818,0.67666,0.18946000000000002,0.13919,91.7442
Franz Schubert,16,0.0,0.0,0.0,1.0,2.5625,0.293725,0.092493125,-22.3480625,0.04473125,0.9876874999999999,0.699925,0.10846875,0.16618750000000002,87.42281249999999
MC Lyte,5,0.0,0.0,0.8,1.0,1.0,0.8400000000000001,0.6712,-8.978,0.3412,0.25638,2.4e-07,0.17046,0.6980000000000001,118.5628
Louis Prima,7,0.0,0.0,0.0,1.8571428571428572,2.4285714285714284,0.5654285714285715,0.4531428571428571,-10.433857142857144,0.16467142857142858,0.4802857142857143,0.0,0.061228571428571424,0.874,152.6437142857143
Mala Rodríguez,5,0.0,0.0,0.2,1.0,1.6,0.7212,0.7078,-5.7592,0.2064,0.341584,0.00116774,0.21172,0.5843999999999999,117.2578
The Staple Singers,9,0.0,0.0,0.0,1.0,1.0,0.6362222222222222,0.5041111111111111,-10.83211111111111,0.08248888888888889,0.13166666666666668,0.00012577777777777777,0.11765555555555555,0.7558888888888888,101.6091111111111
Nikolay Nikitskiy,8,0.0,0.0,0.0,1.0,1.0,0.432625,0.31875,-10.432375,0.0511125,0.928375,0.09264386,0.3667875,0.424975,110.06
Maria Maksakova,5,0.0,0.0,0.0,1.0,1.4,0.36619999999999997,0.5096,-6.8988,0.06,0.633,5.16e-06,0.1978,0.2206,108.3344
The Pogues,5,0.0,0.0,0.0,3.0,2.0,0.38,0.346,-14.312999999999999,0.0417,0.648,0.000139,0.0511,0.358,117.91599999999998
The Ready Set,7,0.0,0.0,0.0,2.0,1.0,0.6138571428571428,0.551142857142857,-6.284,0.02914285714285714,0.15614285714285714,0.0,0.09814285714285716,0.6014285714285714,107.14457142857144
Maite Kelly,5,0.0,0.0,0.0,1.0,1.2,0.701,0.9528000000000001,-3.7722,0.06426000000000001,0.06386,0.0,0.20814000000000005,0.7454,126.3942
Mahalia,9,0.0,0.0,0.0,3.0,1.0,0.7170000000000001,0.4436666666666667,-8.078777777777779,0.0954,0.5831111111111111,3.24e-05,0.19,0.5932222222222223,104.29444444444444
Chaos Descent,14,0.0,0.0,0.0,1.0,1.0,0.4422142857142857,0.8416428571428571,-5.7868571428571425,0.07107142857142858,0.02833580714285714,0.2008039007142857,0.26184285714285715,0.17515714285714284,123.63807142857142
Connate Exasperation,5,0.0,0.0,0.0,1.0,1.0,0.4706,0.8667999999999999,-6.3072,0.1081,0.111402416,0.7756000000000001,0.16960000000000003,0.31070000000000003,111.1154
Crazibiza,10,0.0,0.0,0.0,1.0,2.0,0.7825,0.9227000000000001,-4.1624,0.07456,0.0068965,0.5823,0.12317,0.5368999999999999,124.0001
Carola,10,0.0,0.0,0.0,1.0,1.0,0.25579999999999997,0.152,-14.291599999999999,0.03777,0.9596,0.001608422,0.08834,0.16,100.5654
Devin Dawson,9,0.0,0.0,0.0,1.0,1.0,0.5982222222222222,0.5202222222222223,-7.505,0.042744444444444446,0.4091,3.966666666666667e-07,0.12091111111111112,0.5031111111111112,97.56144444444445
Dinos,5,0.0,0.0,1.0,1.0,1.0,0.873,0.5728000000000001,-9.675,0.1758,0.1634,0.0006754279999999999,0.10732,0.4756,123.9298
Deathtune,10,0.0,0.0,0.0,1.0,1.0,0.3231,0.9682999999999999,-3.2019999999999995,0.19607000000000002,4.2752e-05,0.01797124,0.24258000000000002,0.19574,141.8988
Allessa,8,0.0,0.0,0.0,1.0,1.125,0.669625,0.7931250000000001,-4.803624999999999,0.0376,0.2073875,2.5125e-06,0.10575,0.690625,134.930875
dvsn,6,0.0,0.0,0.3333333333333333,1.0,1.0,0.7538333333333332,0.5535,-5.325,0.07426666666666666,0.1585,2.3833333333333334e-05,0.06473333333333332,0.7478333333333333,149.66783333333333
Janelle Monáe,5,0.0,0.0,1.0,3.0,1.4,0.807,0.5202,-7.472199999999999,0.1242,0.09928000000000001,9.68e-05,0.3084,0.597,111.426
Sergei Rachmaninoff,5,0.0,0.0,0.0,1.0,2.0,0.296,0.10051999999999998,-21.0442,0.0419,0.9810000000000001,0.7064,0.09054,0.07072,82.99199999999999
Sergei Prokofiev,7,0.0,0.0,0.0,1.0,3.142857142857143,0.37842857142857145,0.1261857142857143,-21.963142857142856,0.045271428571428574,0.9465714285714285,0.8622857142857142,0.11512857142857144,0.2740571428571429,97.75428571428571
Сергей Захаров,9,0.0,0.0,0.0,1.0,1.4444444444444444,0.324,0.6031111111111112,-7.715777777777777,0.04991111111111111,0.5428888888888889,0.1450506,0.21488888888888888,0.39066666666666666,99.24733333333333
Andrew Bird,9,0.0,0.0,0.0,2.0,1.0,0.522888888888889,0.3217777777777778,-9.219333333333333,0.03592222222222222,0.8127777777777777,0.010117844444444446,0.13203333333333334,0.32844444444444443,113.63477777777778
Ane Brun,5,0.0,0.0,0.0,2.0,1.0,0.389,0.18560000000000001,-12.5942,0.03328,0.9056000000000001,0.00038822,0.23200000000000004,0.2685,135.2566
Antonín Dvořák,5,0.0,0.0,0.0,1.0,2.6,0.26958000000000004,0.11872,-20.836199999999998,0.043320000000000004,0.933,0.6102000000000001,0.11748,0.16553999999999996,105.65180000000001
RaeLynn,8,0.0,0.0,0.0,1.0,1.0,0.619875,0.710625,-5.17425,0.0511375,0.077875,0.0,0.105725,0.534125,140.722125
Juan Magán,10,0.0,0.0,0.0,5.0,2.6,0.7221,0.8063,-4.5261000000000005,0.07207,0.16595,0.0,0.15545,0.753,121.8472
Joy Oladokun,5,0.0,0.0,0.8,1.0,1.0,0.597,0.5058,-7.7756,0.04264,0.1274,6.287e-05,0.16307999999999997,0.5034,131.2552
Joseph Haydn,6,0.0,0.0,0.0,1.0,4.666666666666667,0.3621666666666667,0.10738333333333333,-23.859166666666667,0.04555,0.8865,0.39566749500000004,0.1421,0.31651666666666667,127.097
Jack Jones,8,0.0,0.0,0.0,1.0,1.0,0.4185,0.502625,-11.12025,0.0353,0.73025,1e-05,0.15125,0.67275,101.83875
Sabke Morde,6,0.0,0.0,0.0,1.0,1.0,0.3285,0.6823333333333333,-6.460333333333334,0.045250000000000005,0.16843,0.10737346666666665,0.31055000000000005,0.12411666666666665,121.77866666666667
Sarah Connor,28,0.0,0.0,0.0,1.0,1.0,0.6393571428571428,0.5796785714285715,-5.213607142857143,0.030139285714285712,0.5549999999999999,0.0,0.09433214285714286,0.3907142857142857,104.42103571428572
Sammy Davis Jr.,8,0.0,0.0,0.0,1.0,1.0,0.39487500000000003,0.18506250000000002,-16.165125,0.0372625,0.8601249999999999,4.28125e-06,0.2225375,0.364875,103.5485
James Taylor,5,0.0,0.0,0.0,3.0,1.6,0.47400000000000003,0.3214,-10.431999999999999,0.03296,0.515,5.6269999999999995e-05,0.1976,0.2548,122.6478
Izabella Jur'eva,7,0.0,0.0,0.0,1.0,1.0,0.4992857142857143,0.20615714285714287,-12.705,0.1271857142857143,0.9925714285714287,0.06575985714285715,0.17671428571428574,0.38699999999999996,112.77471428571428
Paulina Rubio,5,0.0,0.0,0.0,1.0,1.0,0.6932,0.7316,-5.1774000000000004,0.06554,0.12174,4.54e-06,0.14728,0.5764,110.90439999999998
PERMEATE,5,0.0,0.0,0.0,1.0,1.2,0.46720000000000006,0.49820000000000003,-14.1174,0.0641,0.39186,0.812,0.10022,0.24611999999999998,110.8144
Ian Munsick,13,0.0,0.0,0.0,1.0,1.3076923076923077,0.4613846153846154,0.6168461538461538,-6.657461538461538,0.029223076923076925,0.37671538461538456,3.415384615384615e-05,0.15215384615384617,0.3663076923076923,153.1506923076923
Kiawasch Sahebnassagh,31,0.0,0.0,0.0,1.0,1.2903225806451613,0.3841290322580645,0.1377758064516129,-21.675451612903224,0.08908387096774194,0.8234838709677419,0.436447494516129,0.2069967741935484,0.14061612903225806,109.08977419354838
Hayley Kiyoko,14,0.0,0.0,0.0,1.0,1.0,0.7314285714285714,0.6424285714285715,-6.520142857142857,0.059814285714285716,0.23757142857142857,9.685714285714286e-05,0.2326857142857143,0.5098571428571429,107.7432857142857
High Valley,7,0.0,0.0,0.0,1.0,1.0,0.5112857142857143,0.7978571428571428,-5.6538571428571425,0.03378571428571429,0.015514285714285715,3.4714285714285715e-07,0.12411428571428572,0.4617142857142857,107.99642857142855
Надежда Обухова,6,0.0,0.0,0.0,1.0,1.3333333333333333,0.357,0.08345000000000001,-18.009833333333333,0.055600000000000004,0.9851666666666666,2.6750000000000002e-06,0.09670000000000001,0.17833333333333334,88.37349999999999
Михаил Вавич,5,0.0,0.0,0.0,1.0,1.0,0.358,0.368,-9.0374,0.0696,0.9934,0.06241042,0.26480000000000004,0.3392,73.5026
Валерий Агафонов,12,0.0,0.0,0.0,1.0,1.0,0.3899166666666667,0.11630833333333333,-17.84425,0.05459166666666667,0.97375,0.14740975,0.10829166666666667,0.15820833333333334,109.37841666666667
Александр Цфасман,15,0.0,0.0,0.0,1.0,1.8666666666666667,0.46359999999999996,0.2771133333333333,-15.9354,0.057339999999999995,0.9260666666666667,0.16290020000000002,0.2986533333333333,0.5589333333333334,112.19946666666667
Arash Pandi,5,0.0,0.0,0.0,1.0,1.0,0.21280000000000002,0.617,-11.9872,0.18283999999999997,0.44399999999999995,0.8332,0.14043999999999998,0.199,113.907
War Angel,13,0.0,0.0,0.15384615384615385,1.0,1.0,0.46061538461538465,0.9133076923076923,-4.6984615384615385,0.08384615384615385,0.019733062307692308,0.08193992846153847,0.2062,0.2246076923076923,129.63515384615386
Aloe Blacc,6,0.0,0.0,0.0,1.0,1.0,0.57,0.0696,-13.124,0.0504,0.888,0.0,0.11,0.18200000000000002,139.348
Garhelenth,11,0.0,0.0,0.0,1.0,1.0,0.23114545454545457,0.852,-7.228818181818181,0.053890909090909093,0.010398633636363636,0.5065863636363637,0.2067181818181818,0.17946363636363635,124.19681818181817
Soheil Soheili,9,0.0,0.0,0.0,1.0,1.5555555555555556,0.2776666666666667,0.3713777777777778,-19.005000000000003,0.12342222222222222,0.7552222222222222,0.6632222222222222,0.11202222222222222,0.09536666666666666,95.54288888888888
Smokey Robinson & The Miracles,11,0.0,0.0,0.0,2.0,1.0909090909090908,0.5183636363636364,0.5718181818181818,-8.910818181818183,0.03144545454545455,0.3687090909090909,0.00021672727272727276,0.1895090909090909,0.6845454545454545,109.13309090909091
Gerald Barry,5,0.0,0.0,0.0,1.0,4.0,0.5018,0.219,-16.5118,0.08313999999999999,0.9772000000000001,0.28578000000000003,0.26803999999999994,0.29500000000000004,105.04639999999999
Peggy Lee,44,0.022727272727272728,0.0,0.0,1.8636363636363635,1.0,0.43695454545454543,0.34602272727272726,-11.69434090909091,0.04647954545454546,0.7695909090909091,3.254636363636364e-05,0.1302681818181818,0.5155227272727273,148.7697272727273
Vladimir Nechaev,30,0.03333333333333333,0.0,0.0,1.0,1.2666666666666666,0.43296666666666667,0.3575333333333333,-10.984433333333333,0.04382333333333333,0.9529333333333334,0.051156252,0.31821666666666665,0.5149,110.24600000000001
Vince Guaraldi Trio,28,0.03571428571428571,0.0,0.0,1.0,1.0,0.42910714285714285,0.20389285714285715,-17.81475,0.034075,0.9056071428571428,0.38806576750000005,0.1262,0.29559285714285716,95.27792857142857
Alireza Mashayekhi,66,0.045454545454545456,0.0,0.0,1.0,2.6363636363636362,0.30302575757575756,0.19559109696969698,-19.743954545454542,0.1447878787878788,0.8319363636363637,0.6110912803030304,0.1461469696969697,0.12126818181818182,102.048
Spuntic,35,0.05714285714285714,0.0,0.0,1.0,1.0,0.1944857142857143,0.2681,-20.221885714285712,0.048871428571428566,0.7154262857142857,0.7675232399999999,0.12060285714285714,0.05697142857142857,100.75531428571429
Angband,16,0.0625,0.0,0.0,1.0,1.0,0.4365625,0.86625,-5.607125,0.12591875,0.00388651375,0.059777063125,0.1815625,0.3121375,129.2635
Chris Janson,16,0.0625,0.0,0.0,1.0,1.25,0.406125,0.598125,-6.0974375,0.0385125,0.41269374999999997,7.05875e-06,0.15885,0.43925000000000003,117.9219375
Robert Schumann,30,0.06666666666666667,0.0,0.0,2.0,2.0,0.43506666666666666,0.109732,-25.534733333333335,0.04631,0.9900333333333333,0.8788333333333334,0.12448,0.32739,97.96133333333334
Nacho,14,0.07142857142857142,0.0,0.0,3.7857142857142856,2.857142857142857,0.7543571428571428,0.8071428571428572,-4.565642857142857,0.07286428571428571,0.15566428571428573,1.5274285714285713e-05,0.09456428571428573,0.6902857142857143,100.46242857142856
Azhirock,12,0.08333333333333333,0.0,0.5,1.0,1.0,0.42808333333333337,0.8815833333333334,-5.302166666666667,0.08745833333333335,0.026628083333333333,0.007885379999999999,0.2914083333333333,0.42975,137.07558333333333
Holly Humberstone,11,0.09090909090909091,0.0,0.18181818181818182,1.6363636363636365,1.0,0.5336363636363637,0.3918181818181818,-8.267363636363637,0.056890909090909096,0.755,0.0004669690909090909,0.15154545454545454,0.36263636363636365,129.22827272727272
Mariah Angeliq,43,0.09302325581395349,0.0,0.46511627906976744,1.930232558139535,1.6511627906976745,0.7287674418604652,0.7114186046511628,-4.191302325581395,0.11388372093023257,0.14693488372093022,0.028208599069767443,0.13179302325581396,0.6031627906976744,143.8176511627907
Living Room,10,0.1,0.0,0.0,1.0,1.0,0.6441,0.5335,-11.2121,0.050019999999999995,0.348789,0.7543,0.18031999999999998,0.4119,106.98620000000001
Lalo Ebratt,10,0.1,0.0,0.1,4.0,3.2,0.7098,0.7426,-4.5772,0.10535999999999998,0.19039999999999999,9.09e-05,0.14617,0.8323,100.65060000000001
Integral Rigor,10,0.1,0.0,0.1,1.0,1.0,0.3242,0.8375,-6.6049999999999995,0.10205,3.4265e-05,0.844,0.13955,0.23803000000000002,148.0102
Jaleh Negari,10,0.1,0.0,0.0,1.0,1.0,0.28203,0.29107500000000003,-20.3809,0.08136,0.7735000000000001,0.8493,0.16158,0.09494,115.6484
Randall King,10,0.1,0.0,0.0,1.0,1.0,0.6394,0.7792999999999999,-5.6525,0.032619999999999996,0.069587,0.0010478100000000001,0.21918,0.5967,116.37960000000001
Mercedes Sosa,10,0.1,0.0,0.0,1.0,1.5,0.5445,0.3234,-10.2091,0.04041,0.72229,0.017243480999999998,0.27233,0.37070000000000003,115.8987
Beshenitar,9,0.1111111111111111,0.0,0.4444444444444444,1.0,1.0,0.26374444444444445,0.9633333333333334,-5.631888888888889,0.18912222222222222,0.231486,0.29145004666666663,0.2542111111111111,0.042355555555555556,134.95633333333333
Nikolay Erdenko,16,0.125,0.0,0.0,1.0,1.1875,0.3889375,0.33406875,-15.0473125,0.0521375,0.802875,0.0598871375,0.17,0.2643875,112.6275
Ella Henderson,8,0.125,0.0,0.25,1.0,2.125,0.687,0.655375,-4.7885,0.0478875,0.30965,0.00015155,0.13435,0.349,97.798125
Jamie Cullum,31,0.12903225806451613,0.0,0.0,2.0,1.032258064516129,0.538516129032258,0.535483870967742,-6.828322580645161,0.05149032258064516,0.31403419354838713,0.0,0.16129677419354838,0.48896774193548387,134.08538709677418
Chris Rea,7,0.14285714285714285,0.0,0.0,1.0,1.0,0.511,0.5452857142857143,-10.809285714285712,0.036028571428571424,0.4468571428571429,7.814285714285714e-05,0.21557142857142855,0.7545000000000001,154.1212857142857
Nikolay Kopylov,44,0.1590909090909091,0.0,0.0,1.0,1.0,0.38386363636363635,0.3548409090909091,-10.515181818181818,0.06190454545454545,0.9685227272727274,0.059767518181818184,0.18225227272727273,0.25525681818181817,104.38625
Martin Shamoonpour,12,0.16666666666666666,0.0,0.0,1.0,1.0,0.3829166666666666,0.3824083333333333,-12.797583333333334,0.06399166666666667,0.7199166666666666,0.5686666666666667,0.152025,0.38364166666666666,105.74025
Antônio Carlos Jobim,6,0.16666666666666666,0.0,0.0,5.0,1.5,0.5683333333333334,0.33049999999999996,-14.998166666666668,0.035333333333333335,0.7921666666666667,0.3349085333333333,0.1257,0.6061666666666666,112.69766666666668
Shivered,6,0.16666666666666666,0.0,0.0,1.0,1.0,0.5033333333333334,0.8991666666666668,-5.143166666666667,0.0512,8.029666666666667e-05,0.01933383333333333,0.24021666666666666,0.4135,144.32066666666665
Gloria Trevi,6,0.16666666666666666,0.0,0.16666666666666666,1.0,1.3333333333333333,0.6553333333333333,0.7999999999999999,-4.001166666666666,0.08858333333333333,0.18591666666666665,0.0025826483333333335,0.24903333333333333,0.5601666666666666,141.46133333333333
Ravyn Lenae,6,0.16666666666666666,0.0,0.5,1.6666666666666667,1.5,0.6831666666666667,0.7761666666666667,-6.9768333333333326,0.06774999999999999,0.12738000000000002,0.06680683333333333,0.09738333333333334,0.68,116.05083333333334
Selena,6,0.16666666666666666,0.0,0.0,1.0,1.1666666666666667,0.6418333333333334,0.778,-5.896,0.04831666666666667,0.29195,1.4595e-05,0.17135,0.8968333333333334,136.51383333333334
Volbeat,6,0.16666666666666666,0.0,0.16666666666666666,4.0,1.0,0.35033333333333333,0.8928333333333334,-4.402,0.045533333333333335,0.00021913333333333334,0.12507000000000001,0.06088333333333334,0.3248333333333333,124.168
Izabella Yurieva,6,0.16666666666666666,0.0,0.16666666666666666,1.0,1.5,0.518,0.19628333333333334,-13.83,0.06213333333333334,0.9895,0.1345161666666667,0.12845,0.45449999999999996,92.66833333333334
Jerry Di,5,0.2,0.0,0.0,2.6,5.2,0.7882,0.729,-3.5292000000000003,0.27999999999999997,0.26244,4.7600000000000005e-05,0.15,0.5993999999999999,139.413
Mary J. Blige,10,0.2,0.0,0.0,1.0,1.4,0.5276,0.47350000000000003,-7.766299999999999,0.07532,0.53644,0.0001318,0.13184,0.3142,130.3133
Alex Sensation,5,0.2,0.0,0.0,3.0,2.8,0.7932,0.8017999999999998,-3.6444,0.07488,0.21223999999999998,1.456e-06,0.07304000000000001,0.7684,97.4014
Vince Gill,5,0.2,0.0,0.0,1.0,1.8,0.4662,0.19060000000000002,-12.020199999999999,0.03002,0.8152000000000001,1.0388e-05,0.1402,0.2474,103.8074
Keith Sweat,5,0.2,0.0,0.0,1.0,1.6,0.683,0.484,-9.591,0.07212,0.22968000000000002,0.00144122,0.20934,0.5138,125.2776
Rod Stewart,29,0.20689655172413793,0.0,0.0,1.0,1.8275862068965518,0.5875172413793104,0.5048965517241379,-8.145517241379311,0.038172413793103446,0.6087689655172414,0.015560555172413794,0.16940689655172414,0.48527586206896556,118.94889655172413
Ixuol,9,0.2222222222222222,0.0,0.0,1.0,1.0,0.3645777777777778,0.46311111111111114,-11.640777777777778,0.05343333333333333,0.6205942222222222,0.7857222222222222,0.11151111111111112,0.0912,111.99966666666666
"Tito ""El Bambino""",9,0.2222222222222222,0.0,0.0,4.0,2.0,0.8142222222222223,0.735,-5.811444444444444,0.08046666666666666,0.14622222222222223,0.0,0.1973888888888889,0.6264444444444445,96.14111111111112
Ata Ebtekar,8,0.25,0.0,0.0,1.0,1.125,0.269625,0.652375,-8.949625,0.1942375,0.6094,0.48232,0.2641375,0.1388875,103.205125
Flo Rida,8,0.25,0.0,0.0,1.0,2.125,0.69775,0.797375,-4.650625,0.07793749999999999,0.038824,0.00337,0.13635,0.60425,140.0865
James Brown,17,0.29411764705882354,0.0,0.0,2.0,1.0588235294117647,0.6499411764705882,0.6057058823529412,-6.472470588235294,0.0662,0.39694117647058824,0.0006170076470588234,0.20445882352941178,0.6962941176470588,122.01270588235293
Cali Y El Dandee,10,0.3,0.0,0.0,4.4,1.9,0.6954,0.774,-3.4640999999999997,0.08752,0.090319,2.8680000000000003e-06,0.17784,0.6900999999999999,123.4077
Gunna,13,0.3076923076923077,0.0,1.0,1.0,2.230769230769231,0.785,0.4073846153846154,-7.068538461538461,0.14253846153846153,0.21451846153846152,0.003736707692307692,0.1307846153846154,0.4431538461538462,104.68184615384615
Snoh Aalegra,6,0.3333333333333333,0.0,0.5,2.6666666666666665,1.0,0.49150000000000005,0.3875,-9.981,0.06985000000000001,0.6725,0.0006115,0.1058,0.3695,103.70049999999999
Yuri Morfessi,12,0.3333333333333333,0.0,0.0,1.0,1.0,0.42025,0.3060833333333333,-10.127666666666666,0.06913333333333334,0.9934166666666666,0.008387745833333333,0.28450000000000003,0.502,120.38058333333333
Big Sean,6,0.3333333333333333,0.0,1.0,1.0,2.1666666666666665,0.7146666666666667,0.6888333333333333,-5.263,0.07216666666666667,0.015162000000000002,0.0004815,0.21750000000000003,0.30333333333333334,115.82483333333333
Nikolai Erdenko,41,0.34146341463414637,0.0,0.0,1.0,1.4878048780487805,0.411780487804878,0.3148121951219512,-16.305560975609758,0.05329024390243902,0.7700487804878049,0.14498153365853658,0.18442926829268294,0.38440243902439025,109.92768292682926
Counting Crows,14,0.35714285714285715,0.0,0.0,2.9285714285714284,1.1428571428571428,0.5216428571428572,0.7486428571428572,-5.600142857142857,0.03720714285714286,0.28257,0.001958895714285714,0.2567857142857143,0.6217142857142858,130.32278571428571
Guaynaa,14,0.35714285714285715,0.0,0.07142857142857142,2.0,1.4285714285714286,0.7928571428571428,0.748,-5.200142857142857,0.22851428571428573,0.20591428571428572,0.0005086728571428572,0.1845857142857143,0.7892142857142856,100.58914285714286
Megan Thee Stallion,14,0.35714285714285715,0.0,0.8571428571428571,1.0,2.0,0.8543571428571429,0.7459285714285714,-4.941428571428571,0.2305,0.010887857142857144,3.471428571428571e-05,0.11107142857142857,0.6671428571428571,139.28064285714285
Rojin Sharafi,22,0.36363636363636365,0.0,0.0,1.0,1.0,0.3551818181818182,0.6711818181818182,-11.500909090909092,0.15277272727272728,0.33405345454545454,0.40963238636363636,0.1766090909090909,0.14415,115.3104090909091
Алёша Димитриевич,8,0.375,0.0,0.0,1.0,1.0,0.507,0.3885,-17.171625,0.24315,0.8345,0.0085853325,0.6829999999999999,0.78675,125.609875
Sharapov,8,0.375,0.0,0.0,1.0,1.875,0.784,0.80175,-6.457375,0.0605625,0.07023249999999999,0.39720625,0.19405,0.5438375,119.374625
Idlefon,18,0.3888888888888889,0.0,0.0,1.0,1.2222222222222223,0.37075555555555556,0.47705555555555557,-14.301222222222224,0.05241111111111111,0.5768673888888889,0.9086666666666667,0.12209444444444445,0.1103,115.42272222222222
Juanes,15,0.4,0.0,0.0,2.0,1.2,0.6722,0.6889333333333333,-6.436733333333334,0.05931333333333333,0.25988,6.3452e-05,0.15633333333333332,0.7003333333333333,133.18933333333334
Brray,5,0.4,0.0,0.4,3.6,1.6,0.7388,0.7546,-6.0962000000000005,0.20734,0.16444,0.003914,0.1298,0.6881999999999999,122.01559999999999
Moneybagg Yo,5,0.4,0.0,1.0,1.0,1.8,0.8542,0.5902000000000001,-7.324599999999999,0.3608,0.055504,8.54e-07,0.16499999999999998,0.532,147.7726
Danny Saucedo,5,0.4,0.0,0.0,1.0,2.0,0.681,0.775,-7.194,0.0945,0.0622,0.0,0.392,0.938,92.956
BRELAND,14,0.42857142857142855,0.0,0.0,1.0,1.6428571428571428,0.6170714285714286,0.7369285714285715,-4.5115,0.043314285714285715,0.10590857142857144,0.0,0.15117142857142857,0.7554285714285714,140.26171428571428
Charli XCX,28,0.42857142857142855,0.0,0.14285714285714285,1.0,1.7142857142857142,0.750357142857143,0.9013214285714285,-4.714535714285715,0.05580357142857143,0.15307928571428572,0.004084853571428571,0.13122857142857144,0.5675714285714286,125.48078571428572
Tyler Braden,9,0.4444444444444444,0.0,0.0,1.0,1.2222222222222223,0.443,0.4568888888888889,-7.27588888888889,0.02978888888888889,0.45066666666666666,4.488888888888889e-06,0.0993,0.14011111111111113,143.45133333333334
Cesare Cremonini,9,0.4444444444444444,0.0,0.0,1.0,1.0,0.5386666666666666,0.723,-6.772222222222222,0.06076666666666666,0.24650000000000002,9.882222222222223e-06,0.22210000000000002,0.43333333333333335,126.27577777777778
Greeicy,10,0.5,0.0,0.0,3.0,1.9,0.7447999999999999,0.7433,-3.9707999999999997,0.09272,0.09269000000000001,0.00013298500000000002,0.13461,0.7295999999999999,144.0976
Lenny Kravitz,10,0.5,0.5,0.0,1.0,1.0,0.6422,0.7665,-6.4766,0.048729999999999996,0.0593085,0.068715,0.20131000000000002,0.784,121.3886
Arcangelo Corelli,14,0.5,0.0,0.0,1.0,4.071428571428571,0.1657857142857143,0.08213571428571428,-22.783428571428573,0.041557142857142855,0.8411428571428571,0.6940571428571428,0.1818357142857143,0.1279142857142857,99.48064285714285
Danna Paola,14,0.5,0.0,0.0,1.0,1.4285714285714286,0.6470714285714285,0.6971428571428572,-4.156642857142857,0.07544285714285714,0.20171214285714287,0.0034670799999999996,0.20525,0.5938571428571429,134.56714285714287
Anton Ishutin,11,0.5454545454545454,0.0,0.0,1.0,1.0909090909090908,0.768090909090909,0.561,-9.365818181818183,0.05258181818181818,0.08408472727272727,0.34800909090909093,0.1771818181818182,0.528,119.55372727272726
Gelena Velikanova,14,0.5714285714285714,0.0,0.0,1.0,1.0714285714285714,0.5937142857142856,0.21385,-12.8345,0.10582857142857142,0.873,0.004896928571428572,0.20782857142857145,0.543,131.09807142857144
AMONGST THE ASHES,10,0.6,0.0,0.0,1.0,1.0,0.4135,0.9038,-7.5997,0.059770000000000004,0.059017051,0.52769,0.17115999999999998,0.2843,136.722
Sam Fender,5,0.6,0.0,0.2,1.6,1.0,0.3902,0.5711999999999999,-4.8382,0.03308,0.402412,0.0015926240000000002,0.10926,0.3312,143.6196
Kodak Black,30,0.6333333333333333,0.0,0.9,1.0,1.2666666666666666,0.752,0.5253,-6.4734,0.18186,0.11401533333333333,6.942000000000001e-06,0.22300666666666666,0.25808,115.76613333333333
Traditional,115,0.6347826086956522,0.0,0.0,1.0,3.2,0.2754104347826087,0.17419626086956522,-18.45038260869565,0.042815652173913046,0.9430434782608695,0.2861637536521739,0.22044782608695654,0.20328869565217392,104.15045217391304
Ñejo & Dalmata,6,0.6666666666666666,0.0,0.0,4.0,1.0,0.8130000000000001,0.8094999999999999,-6.478000000000001,0.08398333333333334,0.16108333333333333,1.7136666666666665e-05,0.16803333333333334,0.6436666666666667,95.83616666666667
Foals,9,0.6666666666666666,0.0,0.0,1.0,1.0,0.6496666666666666,0.8441111111111111,-3.482777777777778,0.049044444444444446,0.0025755555555555553,0.4132089222222222,0.09235555555555555,0.7721111111111111,127.10855555555554
Sergei Lemeshev,52,0.6730769230769231,0.0,0.019230769230769232,1.0,1.4423076923076923,0.3522884615384615,0.23147692307692308,-15.347519230769231,0.06371730769230768,0.9662307692307692,0.027204450576923077,0.19296538461538462,0.2995307692307692,105.48161538461538
Vadim Kozin,62,0.6774193548387096,0.0,0.0,1.0,1.0806451612903225,0.484,0.2001774193548387,-14.030822580645161,0.09086290322580645,0.9881935483870968,0.1044170456451613,0.18423870967741937,0.4627064516129032,102.6588064516129
Electroqute,16,0.6875,0.0,0.0,1.0,1.0,0.43943750000000004,0.8465625,-4.678,0.06898750000000001,0.0462155,0.05527748875,0.2043,0.3723125,145.818875
Lasso,8,0.75,0.0,0.0,1.0,1.5,0.69775,0.6255000000000001,-4.810625,0.052525,0.2709,6.0125e-07,0.121675,0.618125,113.80775
Alvaro Soler,12,0.75,0.5,0.0,1.0,1.5833333333333333,0.7054999999999999,0.816,-4.89875,0.0588,0.0645,0.007852120833333334,0.24548333333333336,0.7731666666666667,113.09008333333334
Ivan Petrov,9,0.7777777777777778,0.0,0.0,1.0,3.2222222222222223,0.30077777777777776,0.18817777777777778,-15.678222222222221,0.07366666666666667,0.9806666666666667,0.06863231444444444,0.13912222222222223,0.21982222222222225,93.05211111111112
Trivax,9,0.7777777777777778,0.0,0.0,1.0,1.0,0.18334444444444445,0.9292222222222222,-5.000666666666667,0.11530000000000001,0.0006329244444444443,0.7743333333333333,0.29200000000000004,0.08481111111111111,134.7842222222222
Владимир Бунчиков,20,0.8,0.0,0.0,1.0,1.25,0.48425,0.42519999999999997,-11.919500000000001,0.06089,0.9317499999999999,0.009356251999999999,0.38898,0.534,119.51845
Cami,6,0.8333333333333334,0.0,0.0,1.0,1.0,0.5913333333333334,0.4203333333333334,-7.448666666666667,0.04151666666666667,0.5916666666666667,1.7666666666666668e-05,0.12033333333333333,0.3418333333333334,142.6928333333333
Ivan Kozlovsky,13,0.8461538461538461,0.0,0.07692307692307693,1.0,1.6153846153846154,0.3638461538461539,0.19503846153846152,-13.461076923076924,0.05923846153846154,0.9752307692307691,1.4812307692307693e-05,0.16695384615384615,0.2620923076923077,112.12599999999999
Oleg Pogudin,75,0.8933333333333333,0.0,0.0,1.0,1.0,0.42690666666666666,0.24098399999999998,-14.016733333333335,0.05973066666666667,0.8521066666666667,0.013674003733333334,0.23948133333333332,0.31332533333333334,110.76079999999999
Black Eyed Peas,10,1.0,0.5,0.0,1.0,1.0,0.7559,0.7882,-5.0198,0.09788,0.060419,1.002e-05,0.346,0.7087,123.06599999999999
Fleetwood Mac,7,1.0,1.0,0.0,1.0,1.0,0.6108571428571429,0.6871428571428572,-10.209142857142856,0.044185714285714286,0.2278942857142857,0.1542317142857143,0.10557142857142857,0.7025714285714286,139.6642857142857
Machine Gun Kelly,7,1.0,0.0,0.5714285714285714,1.0,1.4285714285714286,0.6528571428571429,0.7982857142857143,-4.3994285714285715,0.12201428571428573,0.06548985714285714,4.7698571428571436e-05,0.25862857142857143,0.43285714285714283,129.69857142857143
Baaroot,7,1.0,0.0,0.0,1.0,1.0,0.39514285714285713,0.7348571428571429,-8.846285714285715,0.049257142857142854,0.3736528571428571,0.50561,0.13335714285714287,0.3530428571428571,135.5662857142857
Stevie Wonder,86,1.0116279069767442,0.0,0.0,2.7325581395348837,1.0,0.48306976744186053,0.5579418604651163,-8.876511627906977,0.04275348837209302,0.3599539534883721,0.0007197073255813953,0.15249651162790698,0.6200697674418605,96.77432558139536
The Jackson 5,77,1.051948051948052,0.0,0.0,1.0,1.0,0.6302467532467532,0.7185974025974026,-6.547545454545455,0.04168441558441559,0.3927922077922078,0.0002889748051948052,0.4282233766233766,0.8158571428571428,135.4107792207792
Tegh,10,1.1,0.0,0.0,1.0,1.2,0.14172,0.2831,-15.8768,0.048560000000000006,0.24989,0.8295,0.20298,0.04134,99.96180000000001
TINI,16,1.125,1.0,0.0,1.0,1.75,0.6870625,0.7371875,-5.0090625,0.08265625,0.28071875,2.7875e-07,0.2055875,0.695375,115.63975
Gestört aber GeiL,6,1.1666666666666667,0.0,0.0,1.0,2.0,0.8156666666666667,0.42016666666666663,-7.866499999999999,0.07,0.24983333333333335,3.816666666666667e-05,0.17,0.311,122.8565
Morat,14,1.2142857142857142,1.0,0.0,1.0,1.4285714285714286,0.6227857142857143,0.7819285714285714,-4.882285714285715,0.07107142857142858,0.1434214285714286,0.0,0.2156357142857143,0.7046428571428571,155.04864285714285
Nat King Cole,116,1.2155172413793103,0.0,0.0,1.0,1.1206896551724137,0.4088793103448276,0.31190086206896556,-12.15778448275862,0.07517672413793103,0.8081293103448275,0.0069410269827586205,0.16529913793103448,0.44955172413793104,97.77110344827587
Tiken Jah Fakoly,9,1.2222222222222223,0.0,0.0,1.0,1.6666666666666667,0.7688888888888888,0.672,-5.922111111111111,0.06876666666666667,0.20847777777777776,0.005938066666666667,0.10511111111111111,0.7954444444444444,111.89355555555555
"Группа ""Загадка""",40,1.275,0.0,0.0,1.0,1.0,0.49885,0.23795000000000002,-9.862449999999999,0.0480125,0.8779999999999999,4.82775e-06,0.1359725,0.499675,123.46455
Александр Добронравов,13,1.3076923076923077,0.0,0.0,1.0,1.0,0.47484615384615386,0.6460769230769231,-6.431076923076923,0.05363076923076923,0.26653076923076924,5.192307692307692e-06,0.16143076923076924,0.43892307692307697,114.97269230769231
Mac Miller,9,1.3333333333333333,0.0,0.5555555555555556,1.0,1.7777777777777777,0.6873333333333334,0.5456666666666667,-7.655222222222221,0.17820000000000003,0.3289111111111111,0.0011381344444444446,0.23144444444444445,0.3877777777777778,119.47411111111111
From The Vastland,19,1.368421052631579,1.0,0.15789473684210525,1.0,1.0,0.28194736842105267,0.8605263157894738,-5.520421052631579,0.10616842105263158,4.625263157894737e-05,0.727842105263158,0.19682105263157892,0.08223684210526316,121.20526315789475
Ne-Yo,7,1.4285714285714286,2.0,0.0,1.0,1.0,0.7025714285714286,0.7514285714285714,-5.816428571428572,0.11024285714285716,0.25671428571428573,6.374857142857143e-05,0.2621428571428571,0.44085714285714284,115.65785714285714
XERXES THE DARK,7,1.5714285714285714,0.0,0.2857142857142857,1.0,1.0,0.33958571428571427,0.41657142857142854,-14.711857142857143,0.053714285714285714,0.2681142857142857,0.4849908571428572,0.13281428571428572,0.0626142857142857,100.94214285714285
Андрей Петров,5,1.8,0.0,0.0,1.0,2.8,0.4242,0.32720000000000005,-14.2862,0.06013999999999999,0.8544,0.28862148000000004,0.14268,0.40378,111.38
Pyotr Ilyich Tchaikovsky,37,1.8108108108108107,0.0,0.0,1.0,2.945945945945946,0.4161891891891892,0.14274297297297298,-24.57189189189189,0.04693783783783784,0.9383513513513514,0.7067156756756756,0.17424324324324325,0.35379459459459456,119.32562162162162
Kahtmayan,12,2.0833333333333335,1.5,0.0,1.0,1.0,0.433,0.8694999999999999,-6.122583333333334,0.090375,0.002661491666666667,0.45297883333333333,0.13799166666666665,0.25498333333333334,143.70616666666666
Lana Del Rey,15,2.1333333333333333,1.0,0.2,1.0,1.0666666666666667,0.46786666666666665,0.38786666666666664,-10.3356,0.04183333333333333,0.5917333333333333,0.005987696,0.13272,0.25487333333333334,101.98746666666666
Lil Baby,7,2.142857142857143,2.0,1.0,1.0,1.5714285714285714,0.7568571428571429,0.6674285714285714,-5.893571428571429,0.22042857142857142,0.03330428571428572,0.0,0.1925142857142857,0.24042857142857144,114.30114285714285
Kevin Roldan,22,2.1818181818181817,0.0,0.0,3.8181818181818183,1.6363636363636365,0.7683181818181818,0.6488181818181818,-5.8306818181818185,0.2025,0.2848554545454545,8.586636363636364e-05,0.17766363636363636,0.7398636363636364,124.87581818181819
Kacey Musgraves,62,2.274193548387097,0.0,0.0,1.0,1.6774193548387097,0.6274516129032258,0.43509677419354836,-8.929387096774192,0.05096129032258065,0.5758225806451613,0.00020139451612903228,0.4267467741935484,0.5812903225806452,121.85587096774194
Siavash Amini,31,2.3870967741935485,0.0,0.0,1.0,1.8387096774193548,0.24723548387096775,0.4580645161290323,-16.206451612903226,0.1046,0.23298158064516128,0.8115774193548387,0.18389032258064514,0.08640645161290322,107.9311935483871
Edvard Grieg,16,2.5,0.0,0.0,1.0,2.3125,0.3365625,0.13514375,-23.117375,0.04625,0.9645,0.6868849375,0.2162125,0.25324375,99.4371875
Brett Eldredge,26,2.5,0.0,0.0,1.0,1.1153846153846154,0.5522692307692307,0.49446153846153845,-7.017307692307692,0.03488076923076923,0.4954846153846154,0.00015383653846153846,0.15534615384615383,0.44626923076923075,106.44999999999999
Lizzo,47,2.5319148936170213,0.0,0.6595744680851063,1.0,1.148936170212766,0.763723404255319,0.7332765957446808,-5.200468085106383,0.09987234042553192,0.09647187234042552,0.00017093382978723405,0.2341404255319149,0.7202553191489361,130.6466170212766
Kim Petras,11,2.5454545454545454,3.0,0.0,1.0,1.0,0.5573636363636364,0.7727272727272727,-5.515000000000001,0.07064545454545455,0.02075181818181818,3.2509090909090914e-05,0.19463636363636364,0.43027272727272725,103.97809090909091
Farzad Golpayegani,32,2.5625,3.0,0.0,1.0,1.0,0.3555625,0.84990625,-5.6599375,0.074384375,0.1871088875,0.58877290625,0.175934375,0.32965625,131.30134375
Out of Nowhere,9,2.6666666666666665,0.0,0.4444444444444444,1.0,1.1111111111111112,0.4324444444444444,0.8435555555555555,-3.591666666666667,0.07833333333333334,0.06363614444444445,0.0005841244444444445,0.14496666666666666,0.26890000000000003,142.50355555555555
Kenny Chesney,15,2.6666666666666665,0.0,0.0,1.0,1.1333333333333333,0.6402666666666667,0.6101333333333334,-6.317866666666666,0.030573333333333334,0.23957266666666666,1.7609333333333334e-05,0.1471333333333333,0.4826,117.18466666666667
George Frideric Handel,14,2.7857142857142856,0.0,0.0,1.9285714285714286,3.4285714285714284,0.42442857142857143,0.1912207142857143,-17.461714285714287,0.0349,0.9472857142857143,0.476850095,0.1566642857142857,0.37214285714285716,103.42178571428572
Salif Keita,5,2.8,2.0,0.0,1.0,1.0,0.6814,0.66468,-8.7446,0.04678,0.45640000000000003,0.016202806,0.20156000000000002,0.7362,116.10059999999999
Dean Martin,111,2.8378378378378377,0.0,0.0,1.0,1.009009009009009,0.47327927927927926,0.2474972972972973,-13.73709009009009,0.04374684684684685,0.8388558558558559,7.026666666666667e-06,0.15539369369369369,0.6544954954954955,131.808027027027
Ingrid Andress,25,2.88,0.0,0.0,1.0,1.2,0.48456000000000005,0.30968,-8.254439999999999,0.04014,0.609144,8.0904e-06,0.10055200000000002,0.39792,102.60079999999999
Saba Alizadeh,11,3.0,1.0,0.0,1.0,1.2727272727272727,0.24845454545454546,0.4183636363636364,-14.391363636363637,0.07901818181818182,0.7375454545454545,0.44887272727272726,0.23864545454545452,0.05165454545454546,107.60681818181818
Padra,6,3.0,3.0,0.16666666666666666,1.0,1.0,0.3741666666666667,0.9546666666666667,-5.281666666666666,0.10153333333333332,0.0030174999999999998,0.010457686666666667,0.14785,0.2781666666666667,119.02050000000001
Lady Gaga,44,3.1818181818181817,0.0,0.25,1.0,1.0681818181818181,0.7165681818181818,0.7897045454545455,-4.752977272727272,0.0567340909090909,0.05745510681818182,0.0002989518181818182,0.2422,0.6277727272727273,116.8215681818182
Saeed Dehghan,15,3.2,2.0,0.06666666666666667,1.0,1.6666666666666667,0.49006666666666665,0.7143333333333334,-8.430066666666667,0.10498,0.164486,0.3694378,0.16901333333333332,0.2056,133.11933333333334
Blake Shelton,24,3.25,0.0,0.0,1.0,1.3333333333333333,0.62975,0.681,-6.124041666666667,0.029983333333333334,0.16431666666666667,0.0008019687500000001,0.14891666666666667,0.5737916666666667,114.343
twocolors,23,3.3043478260869565,0.0,0.0,2.0,1.391304347826087,0.6828695652173913,0.7623478260869565,-6.897739130434783,0.06198695652173913,0.07863130434782609,0.09049433260869566,0.2929826086956522,0.39947826086956517,124.08295652173912
The Supremes,22,3.409090909090909,0.0,0.0,2.909090909090909,1.0,0.43836363636363634,0.553,-8.889863636363636,0.036704545454545455,0.4020000000000001,1.1675454545454547e-05,0.28519545454545453,0.4706363636363636,96.03404545454546
Tubeway Army,17,3.411764705882353,0.0,0.0,1.0,1.0,0.6214117647058823,0.7448235294117647,-8.42535294117647,0.05778823529411765,0.051417647058823526,0.07545882352941176,0.11245882352941176,0.6655882352941177,133.13488235294116
Johann Sebastian Bach,74,3.418918918918919,0.0,0.0,1.7432432432432432,3.2432432432432434,0.3017121621621621,0.1508412162162162,-20.76462162162162,0.04487297297297298,0.9408108108108109,0.6308021081081081,0.14602567567567568,0.32766756756756754,102.51155405405405
The Temptations,23,3.5217391304347827,0.0,0.0,1.9565217391304348,1.0,0.4286521739130435,0.4225869565217391,-10.793304347826085,0.03263913043478261,0.3454434782608696,0.0026673360869565216,0.1456086956521739,0.3868,118.19482608695651
Wiz Khalifa,24,3.5416666666666665,0.0,0.75,2.0416666666666665,1.5833333333333333,0.8120416666666667,0.6156666666666667,-6.134708333333333,0.14182916666666667,0.15288554166666665,0.0007919512499999999,0.2773541666666667,0.5420041666666667,101.90758333333333
Adolphe Adam,12,3.5833333333333335,0.0,0.0,1.0,4.25,0.2335,0.256,-12.572916666666666,0.036408333333333334,0.9445833333333332,0.13278333333333334,0.11933333333333333,0.11296666666666666,98.43816666666667
Alfredo Kraus,12,3.6666666666666665,0.0,0.0,1.0,2.6666666666666665,0.26708333333333334,0.19075,-11.563416666666667,0.040058333333333335,0.9803333333333333,0.0019990150000000003,0.14345833333333333,0.1348,103.02024999999999
Tatiana and Sergey Nikitin,11,3.8181818181818183,3.0,0.0,1.0,1.0,0.6034545454545455,0.16036363636363637,-17.95990909090909,0.1012090909090909,0.872909090909091,0.01602909090909091,0.16138181818181818,0.5363636363636364,116.16181818181818
Mon Laferte,13,3.8461538461538463,0.0,0.0,1.9230769230769231,1.3076923076923077,0.5057692307692307,0.5386923076923077,-6.6461538461538465,0.045730769230769235,0.44074615384615384,0.005548687692307692,0.15250000000000002,0.4003076923076923,137.05784615384616
Bebe Rexha,20,3.95,0.0,0.1,1.0,1.95,0.6710499999999999,0.72645,-5.68665,0.061415,0.12316449999999998,0.015705714500000002,0.151695,0.4609,112.32735
John Rutter,7,4.0,0.0,0.0,1.0,4.571428571428571,0.2952857142857143,0.11271428571428573,-25.58985714285714,0.04908571428571429,0.9271428571428572,0.38560000000000005,0.16227142857142857,0.3091428571428571,98.67171428571429
Ella Fitzgerald,131,4.022900763358779,0.0,0.0,1.9618320610687023,1.1526717557251909,0.5642213740458015,0.3424526717557252,-10.529687022900763,0.05153206106870229,0.8097175572519083,6.622900763358778e-06,0.20938396946564886,0.6346946564885496,93.18295419847328
Gregory Porter,9,4.111111111111111,0.0,0.0,2.3333333333333335,1.2222222222222223,0.38522222222222224,0.2782222222222222,-15.310222222222222,0.04061111111111111,0.6355222222222222,0.0015742111111111113,0.11435555555555554,0.23922222222222222,93.80388888888889
Madeline The Person,17,4.235294117647059,0.0,0.0,2.0,1.1764705882352942,0.5519411764705883,0.43429411764705883,-8.580588235294117,0.3391882352941176,0.8861764705882353,1.3058823529411764e-05,0.0956764705882353,0.4410588235294118,121.78435294117646
Cole Swindell,20,4.25,0.0,0.0,1.0,1.15,0.5635,0.8765000000000001,-3.9924,0.058125,0.09497950000000001,1.2595e-05,0.21291000000000002,0.6409499999999999,131.33294999999998
Otis Redding,18,4.277777777777778,0.0,0.0,1.9444444444444444,1.0,0.6975555555555555,0.3821111111111111,-11.019555555555556,0.034227777777777774,0.36241666666666666,0.000564673888888889,0.13796666666666668,0.7655,107.88127777777778
Дмитрий Харатьян,6,4.333333333333333,0.5,0.0,1.0,1.3333333333333333,0.5445000000000001,0.5631666666666667,-9.433333333333334,0.06266666666666666,0.482,0.00021296666666666665,0.21798333333333333,0.5376666666666666,109.08266666666667
Joey Montana,16,4.375,0.0,0.0,3.125,1.875,0.7319375,0.8301875,-4.0771875,0.058975,0.16418750000000001,0.00017599625,0.15965625,0.714375,95.1700625
Jhayco,64,4.390625,0.0,0.5,3.828125,1.9375,0.7936093750000001,0.705234375,-5.8791875000000005,0.08826250000000001,0.1189390625,9.78609375e-06,0.1305859375,0.421625,100.3690625
The Laurie Berkner Band,14,4.571428571428571,0.0,0.0,1.0,1.0,0.7144285714285713,0.3767142857142857,-8.951285714285714,0.21350714285714287,0.7013571428571428,3.7029285714285714e-05,0.1052357142857143,0.6940714285714286,112.55635714285714
Confess,33,4.696969696969697,1.0,0.696969696969697,1.0,1.0,0.40775757575757576,0.910030303030303,-4.540424242424242,0.09011818181818182,0.0252874596969697,0.4055789772727273,0.2089090909090909,0.30159090909090913,110.28081818181818
Jill Johnson,7,4.714285714285714,0.0,0.0,1.8571428571428572,1.0,0.6427142857142858,0.38757142857142857,-9.926142857142858,0.040228571428571426,0.5122857142857142,1.34e-05,0.09827142857142857,0.4565714285714286,115.26657142857142
Brenda Lee,80,4.725,0.0,0.0,1.0,1.0,0.6253375,0.49918749999999995,-7.7596625,0.039613749999999996,0.6924125,4.1622375e-05,0.24830625,0.7844,96.94475
22Gz,15,4.733333333333333,0.0,1.0,1.0,1.6,0.8685333333333334,0.7151333333333334,-4.3422,0.5070666666666667,0.12872,0.0,0.10637999999999999,0.4078666666666667,141.71706666666665
Nathan Dawe,33,4.757575757575758,0.0,0.0,1.0303030303030303,2.0303030303030303,0.6388787878787878,0.7981515151515152,-4.251212121212121,0.09534848484848485,0.019324242424242424,3.352787878787879e-05,0.06460606060606061,0.7120909090909091,124.30357575757576
Annie Lennox,15,4.8,0.0,0.0,2.6666666666666665,1.0666666666666667,0.42593333333333333,0.2666,-10.404466666666668,0.03176,0.5648,6.906666666666667e-07,0.11737333333333333,0.23518666666666668,123.8266
VeggieTales,6,4.833333333333333,0.0,0.0,1.0,1.0,0.6963333333333334,0.5721666666666666,-7.6706666666666665,0.22606666666666664,0.56025,7.450000000000001e-05,0.10783333333333334,0.6946666666666667,129.98866666666666
Faith Hill,14,4.857142857142857,0.0,0.07142857142857142,1.0,1.0714285714285714,0.47028571428571425,0.42045714285714286,-9.706357142857142,0.03818571428571428,0.43979285714285715,1.4142857142857143e-07,0.13667142857142858,0.30142857142857143,128.30564285714286
Norah Jones,75,4.866666666666666,0.0,0.0,1.9733333333333334,1.0,0.4853066666666667,0.32298133333333334,-10.6664,0.037484,0.6947866666666667,0.036658265466666666,0.12612399999999999,0.28629333333333334,114.13851999999999
Sean Finn,9,4.888888888888889,0.0,0.0,1.0,2.3333333333333335,0.774,0.7631111111111112,-4.956222222222222,0.06341111111111111,0.012388888888888889,0.22768222222222223,0.0659,0.6361111111111111,125.44322222222223
Lianne La Havas,12,4.916666666666667,0.0,0.0,2.8333333333333335,1.0,0.62325,0.38066666666666665,-9.266166666666667,0.0446,0.5228833333333333,0.03628601083333333,0.1945083333333333,0.46125,117.88958333333333
The Cranberries,18,4.944444444444445,0.0,0.0,1.0,1.0,0.2648888888888889,0.7098333333333333,-5.733555555555555,0.04120555555555556,0.02436111111111111,0.0007157000000000001,0.36138888888888887,0.23235555555555557,153.44938888888888
Chino & Nacho,15,5.066666666666666,0.0,0.0,2.466666666666667,1.8,0.7099333333333334,0.9076666666666667,-3.8622,0.10333333333333333,0.12371866666666667,0.0006786666666666666,0.19584000000000001,0.6534,113.17986666666667
Bierkapitän,10,5.1,0.0,0.0,1.0,2.7,0.6564,0.977,-2.4866,0.10110000000000001,0.034844,1.5092e-05,0.48600000000000004,0.6886,141.2016
Jaymes Young,17,5.176470588235294,0.0,0.0,1.0588235294117647,1.1764705882352942,0.566529411764706,0.568529411764706,-7.990235294117647,0.050876470588235294,0.28856470588235295,8.439411764705882e-05,0.23581176470588236,0.41170588235294114,110.34405882352941
Relaxing Music Therapy,6,5.333333333333333,0.0,0.0,1.0,1.3333333333333333,0.3635,0.5101666666666667,-29.65116666666667,0.04196666666666667,0.32166666666666666,0.7631724166666668,0.4626666666666667,0.057600000000000005,113.16766666666666
Mase,5,5.4,0.0,0.8,1.0,1.6,0.7811999999999999,0.7086,-6.8944,0.2852,0.10945999999999997,2.6719999999999998e-05,0.23167999999999997,0.6294000000000001,99.0514
Florence + The Machine,14,5.428571428571429,1.0,0.0,1.0,1.0,0.49242857142857144,0.6654285714285715,-5.368214285714286,0.06248571428571429,0.2431192857142857,0.00025094285714285716,0.1456785714285714,0.25564285714285717,112.17678571428571
Hugh Masekela,16,5.5625,0.0,0.0,1.0,1.125,0.69075,0.7160624999999999,-10.285625,0.06255625,0.411875,0.1512576625,0.4018125,0.7916875,126.6466875
Los Rodriguez,6,5.666666666666667,0.0,0.0,2.6666666666666665,1.0,0.47333333333333333,0.8836666666666666,-5.745666666666668,0.044333333333333336,0.19423333333333334,0.00016888666666666668,0.11771666666666665,0.786,143.1225
Chris Jedi,18,5.666666666666667,0.0,0.5555555555555556,3.7777777777777777,3.5,0.7607222222222223,0.8134444444444444,-4.115944444444445,0.11143333333333334,0.15294444444444444,5.172666666666667e-05,0.14777777777777776,0.6625000000000001,139.2357777777778
Winona Oak,10,5.7,0.0,0.0,1.0,1.0,0.5302,0.4258,-9.4649,0.03989,0.5222,0.00024556000000000003,0.11687999999999998,0.19455,124.35799999999999
Pietro Mascagni,5,5.8,0.0,0.0,1.0,2.8,0.2152,0.3148,-14.858,0.041139999999999996,0.9388,0.712796,0.24500000000000002,0.12334,124.1226
Amy Macdonald,13,5.846153846153846,0.0,0.0,2.0,1.0,0.2772307692307692,0.5958461538461538,-6.688307692307692,0.04208461538461539,0.27653846153846157,0.0,0.13330769230769232,0.27607692307692305,196.96761538461539
Johannes Brahms,7,5.857142857142857,0.0,0.0,1.8571428571428572,2.857142857142857,0.2228142857142857,0.06491428571428572,-25.011142857142858,0.04360000000000001,0.9715714285714286,0.6699071428571429,0.0955142857142857,0.1593,87.65228571428572
Cody Johnson,22,5.954545454545454,0.0,0.0,1.0,1.1363636363636365,0.47918181818181815,0.713090909090909,-5.622,0.03641363636363636,0.16681545454545454,1.1584090909090908e-05,0.1514681818181818,0.46754545454545454,140.16709090909092
Helen Sjöholm,12,6.0,0.0,0.0,1.0,1.4166666666666667,0.32616666666666666,0.36775,-10.125666666666667,0.04119166666666667,0.6768333333333333,3.354166666666667e-05,0.339825,0.24258333333333335,127.80275
White Noise for Babies,43,6.046511627906977,0.0,0.0,1.0,1.302325581395349,0.17538372093023255,0.3496501860465116,-23.049279069767444,0.07834651162790697,0.7361951162790698,0.8674883720930232,0.2337348837209302,0.03012906976744186,108.39323255813953
Mabel,24,6.083333333333333,0.0,0.041666666666666664,2.0,1.0,0.6142916666666667,0.7241666666666666,-4.657291666666667,0.06590416666666667,0.13987666666666668,8.616666666666667e-07,0.09369166666666667,0.34225,106.20275
Aux 88,11,6.090909090909091,7.0,0.0,1.0,1.1818181818181819,0.7233636363636363,0.6531818181818182,-11.450090909090909,0.06370909090909091,0.0011329872727272726,0.8268181818181819,0.10118181818181818,0.3321181818181818,139.33154545454545
Justin Bieber,77,6.116883116883117,0.0,0.012987012987012988,1.0,1.2727272727272727,0.6077792207792208,0.6445454545454545,-7.368662337662337,0.06619220779220779,0.3655518181818182,0.00010683831168831167,0.14332207792207793,0.607038961038961,136.62007792207794
Bastille,13,6.153846153846154,0.0,0.0,1.0,1.0,0.6263846153846154,0.6963076923076923,-5.807846153846153,0.08016923076923077,0.22877692307692307,0.01659230769230769,0.147,0.5603076923076923,126.73623076923076
Hunter Hayes,9,6.222222222222222,0.0,0.0,1.0,1.1111111111111112,0.4553333333333333,0.641888888888889,-7.674666666666667,0.05223333333333333,0.16747777777777775,6.377777777777778e-07,0.09717777777777778,0.5775555555555555,171.502
Blind Faith,9,6.222222222222222,0.0,0.0,2.0,1.0,0.537,0.3983333333333333,-13.713888888888889,0.03127777777777777,0.6037777777777777,0.00022217777777777775,0.34476666666666667,0.39677777777777773,138.77911111111112
Kylie Minogue,8,6.25,0.0,0.0,1.0,1.25,0.676625,0.444,-7.14925,0.0770625,0.59715,0.00019375,0.1425,0.52625,91.456625
Alexander Vertinsky,19,6.421052631578948,3.0,0.0,1.0,1.0,0.48210526315789476,0.14169473684210526,-15.709631578947368,0.13919473684210526,0.9821052631578947,0.003766058947368421,0.3767894736842105,0.324,93.1331052631579
The Countdown Kids,35,6.514285714285714,0.0,0.0,1.0,1.0285714285714285,0.6555142857142856,0.6520285714285715,-7.328828571428572,0.08202,0.39806714285714284,0.003468293142857143,0.20824,0.6576571428571428,122.98314285714285
Klavdiya Shulzhenko,5,6.6,6.0,0.0,1.0,2.6,0.4434,0.2496,-15.525200000000002,0.07976000000000001,0.9343999999999999,0.0033429999999999996,0.41984000000000005,0.5152,99.0466
Arsames,5,6.6,6.0,0.0,1.0,1.0,0.3236,0.9853999999999999,-3.8402000000000003,0.148,1.3904e-05,0.6694,0.17702,0.25379999999999997,124.14360000000002
The Goo Goo Dolls,14,6.714285714285714,0.0,0.0,1.0,1.0,0.4392142857142857,0.7832857142857143,-6.3705,0.03403571428571429,0.036757614285714287,0.005349867142857143,0.12987857142857143,0.4945,135.517
No Doubt,12,6.75,0.0,0.0,1.9166666666666667,1.0833333333333333,0.5379166666666667,0.84775,-4.571833333333333,0.049466666666666666,0.10461833333333333,0.0039458466666666666,0.17784999999999998,0.7005833333333333,118.10708333333334
Limahl,18,6.777777777777778,0.0,0.0,1.0,1.0,0.7154444444444444,0.5858888888888889,-12.38888888888889,0.030922222222222222,0.10714444444444444,0.0003576111111111111,0.09937777777777779,0.7587777777777778,122.88727777777778
Tony Bennett,17,6.823529411764706,0.0,0.0,1.0,1.8823529411764706,0.5746470588235294,0.48294117647058826,-7.062235294117648,0.034605882352941174,0.7201764705882353,3.0338823529411765e-05,0.10135882352941175,0.652470588235294,127.247
Tim McGraw,9,6.888888888888889,0.0,0.0,1.0,1.3333333333333333,0.5565555555555555,0.7168888888888889,-5.722555555555555,0.03106666666666667,0.13062222222222222,1.6188888888888888e-05,0.11167777777777779,0.6345555555555555,134.5811111111111
Zhanna Bichevskaya,19,6.894736842105263,6.0,0.0,1.0,1.1578947368421053,0.4117368421052632,0.35447368421052633,-10.345157894736841,0.03275263157894737,0.7789842105263158,0.00026322947368421053,0.1624842105263158,0.3935263157894737,110.43357894736842
Stacey Pullen,5,7.0,7.0,0.0,1.0,1.2,0.7806,0.8876,-8.834999999999999,0.06448000000000001,0.030188939999999997,0.6698,0.19184,0.48979999999999996,125.20899999999999
The Party Cats,29,7.0344827586206895,8.0,0.0,1.0344827586206897,1.0,0.7129655172413792,0.7526206896551725,-7.792448275862069,0.0658344827586207,0.16055995172413792,0.0967972124137931,0.15283103448275862,0.7382413793103448,134.83341379310343
Maisie Peters,20,7.05,0.0,0.15,1.9,1.2,0.576,0.5283,-6.3376,0.06353,0.42627499999999996,0.000519646,0.18146,0.4175,122.30019999999999
Zach Bryan,29,7.103448275862069,1.0,0.034482758620689655,1.0,1.0,0.4406206896551724,0.34327586206896554,-9.624241379310345,0.043489655172413794,0.4605137931034483,7.282068965517241e-06,0.11228965517241378,0.22086206896551724,151.20841379310343
Avery Anna,9,7.111111111111111,0.0,0.0,1.0,1.0,0.368,0.47711111111111104,-5.694333333333334,0.044111111111111115,0.6313333333333334,0.0,0.10837777777777778,0.2897777777777778,86.50133333333332
The Disco Boys,8,7.125,0.0,0.0,1.75,2.125,0.697375,0.8608750000000001,-5.678625,0.0661,0.00431,0.10273850000000001,0.221875,0.74375,125.24237500000001
Andrés Calamaro,13,7.153846153846154,0.0,0.0,3.5384615384615383,1.6923076923076923,0.6397692307692308,0.5758461538461538,-8.304384615384615,0.04386923076923077,0.4356176923076923,0.004411903076923077,0.13676153846153846,0.715,102.6196923076923
Wisin & Yandel,26,7.153846153846154,0.0,0.07692307692307693,5.461538461538462,1.7307692307692308,0.7449230769230769,0.7941923076923078,-4.885423076923077,0.10076923076923078,0.21594846153846153,2.2438461538461538e-06,0.19353076923076926,0.5738846153846153,111.37723076923076
Cardi B,12,7.166666666666667,0.0,0.4166666666666667,1.0,1.8333333333333333,0.79825,0.5696666666666667,-6.475416666666667,0.22228333333333336,0.07563333333333333,2.4266666666666666e-06,0.17178333333333332,0.5121666666666668,131.66183333333333
Nathaniel Rateliff & The Night Sweats,5,7.2,0.0,0.0,1.8,1.2,0.5904,0.39259999999999995,-8.786,0.03866,0.6836,0.010584,0.10084,0.4638,108.8414
Pyotr Leshchenko,5,7.2,6.0,0.0,1.0,1.2,0.5900000000000001,0.3444,-10.403,0.05244,0.9666,0.01141838,0.14822,0.6502,118.3184
Kvatro,19,7.2105263157894735,6.0,0.0,1.0,1.0,0.42973684210526314,0.45342105263157895,-7.735473684210525,0.05035263157894737,0.6229473684210527,0.011139093684210524,0.21499473684210527,0.3475894736842105,120.29584210526316
Death Cab for Cutie,9,7.222222222222222,0.0,0.0,1.8888888888888888,1.0,0.5548888888888889,0.5382222222222223,-10.002888888888888,0.04371111111111111,0.40642822222222225,0.002336,0.129,0.5415555555555556,127.12966666666668
Jason Derulo,34,7.264705882352941,0.0,0.6176470588235294,1.0,1.5588235294117647,0.72,0.8242647058823529,-3.152647058823529,0.1259470588235294,0.08291735294117647,5.464705882352941e-07,0.12446176470588236,0.7131470588235294,107.58038235294117
Panic! At The Disco,27,7.296296296296297,1.0,0.0,1.0,1.0,0.443,0.7268888888888888,-4.547185185185185,0.05186666666666667,0.015170396296296296,0.008934814814814816,0.17328888888888888,0.3938148148148148,130.07566666666668
Alejo,12,7.333333333333333,0.0,1.0,3.6666666666666665,3.0,0.83,0.739,-5.395,0.0627,0.136,2.11e-06,0.162,0.631,97.993
Norlie & KKV,5,7.4,0.0,0.0,1.0,1.6,0.7136,0.7158,-5.5168,0.04322,0.05488,0.0,0.1954,0.5368,109.2104
Ben Zucker,5,7.4,0.0,0.0,1.0,1.0,0.5478,0.9381999999999999,-4.429600000000001,0.0715,0.06503,0.0,0.3378,0.5871999999999999,129.6476
Solomon Burke,9,7.444444444444445,0.0,0.0,2.5555555555555554,1.0,0.6407777777777777,0.7293333333333334,-9.674888888888889,0.16033333333333333,0.6117777777777778,0.0,0.3056666666666667,0.6592222222222222,110.53944444444444
Aril Brikha,32,7.53125,7.0,0.0,1.0,1.03125,0.75409375,0.73578125,-12.15171875,0.0595,0.09989315625,0.8630156250000001,0.122340625,0.44545625,128.43484375
Rhythim Is Rhythim,10,7.6,7.0,0.0,1.0,2.6,0.7461,0.8843,-9.3163,0.06659999999999999,0.0150431,0.8854000000000001,0.12807,0.7745,128.2476
Mig,5,7.6,1.0,1.0,1.0,1.2,0.687,0.6752,-7.251600000000001,0.3676,0.23959999999999998,0.0,0.2237,0.6826000000000001,130.85060000000001
LOVA,8,7.625,0.0,0.375,1.0,1.25,0.63475,0.3165,-8.508875,0.0510375,0.764375,6.55e-06,0.114125,0.144375,122.7955
Surgeon,39,7.641025641025641,7.0,0.0,1.0,1.0256410256410255,0.6912307692307692,0.8623589743589744,-9.99720512820513,0.11743846153846153,0.10219977461538461,0.8044760115384616,0.15187692307692308,0.36636410256410257,134.83933333333334
DJ Skull,6,7.666666666666667,6.5,0.0,1.0,1.0,0.7016666666666667,0.7096666666666667,-12.393333333333333,0.08360000000000001,0.013198948333333333,0.8881666666666667,0.10633333333333334,0.4053333333333333,134.99933333333334
Sheryl Crow,9,7.666666666666667,0.0,0.0,2.0,1.0,0.5487777777777778,0.615,-6.870222222222222,0.03353333333333333,0.22257333333333332,0.030579907777777787,0.12832222222222223,0.48500000000000004,130.4098888888889
Crows in the Rain,28,7.678571428571429,5.0,0.0,1.0,1.0,0.26921428571428574,0.279225,-16.68914285714286,0.03862142857142857,0.6621919642857143,0.8646071428571428,0.12951428571428572,0.056217857142857146,112.27282142857143
Echosmith,10,7.7,0.0,0.0,1.1,1.0,0.5780000000000001,0.5266,-7.148300000000001,0.0301,0.18016000000000001,4.7461000000000005e-05,0.1223,0.4042,102.7838
Kungs,10,7.7,0.0,0.0,1.0,1.7,0.7763,0.7804,-4.9412,0.04145,0.097864,0.029477760000000002,0.16614,0.6031,122.69949999999999
Coldplay,14,7.714285714285714,1.5,0.0,1.0,1.2857142857142858,0.45785714285714285,0.5471428571428572,-7.753428571428572,0.030728571428571428,0.20919857142857143,0.006112572857142856,0.15727857142857143,0.2770785714285714,135.73700000000002
Bailey Zimmerman,29,7.724137931034483,0.0,0.0,1.0,1.0,0.5278275862068965,0.6624137931034483,-6.102379310344827,0.035003448275862076,0.4184068965517241,4.241379310344828e-08,0.13747931034482758,0.47548275862068967,141.19648275862068
Chip E.,6,7.833333333333333,7.0,0.0,1.0,1.8333333333333333,0.8371666666666666,0.7176666666666667,-9.943166666666666,0.11281666666666668,0.034124999999999996,0.6393666666666666,0.18676666666666666,0.5818333333333333,124.16516666666666
Николай Рыбников,7,7.857142857142857,6.0,0.0,1.0,1.2857142857142858,0.5765714285714285,0.2884285714285714,-13.427428571428573,0.05755714285714286,0.8825714285714286,0.00016895714285714288,0.20885714285714285,0.6078571428571429,102.94157142857144
George Strait,9,7.888888888888889,0.0,0.0,1.8888888888888888,1.0,0.6022222222222222,0.49577777777777776,-10.94111111111111,0.03985555555555556,0.48123333333333335,1.2455555555555556e-05,0.13996666666666668,0.6303333333333333,134.08155555555555
Aaron Carl,10,7.9,6.5,0.0,1.0,1.0,0.8150999999999999,0.5225,-11.5939,0.11611,0.020961300000000002,0.644092,0.18414999999999998,0.6348,132.2619
Jon Pardi,5,8.0,0.0,0.0,1.8,1.0,0.6518,0.8002,-4.4762,0.0356,0.06273999999999999,0.0,0.18652000000000002,0.6062000000000001,106.2174
Sote,5,8.0,7.0,0.0,1.0,1.0,0.31799999999999995,0.49139999999999995,-11.6146,0.0475,0.44985400000000003,0.419932,0.11665999999999999,0.10462,131.628
Orlando Voorn,13,8.076923076923077,6.0,0.07692307692307693,1.0,1.1538461538461537,0.7399230769230769,0.7724615384615384,-8.484615384615385,0.05919230769230769,0.024107076923076922,0.5114510769230769,0.1098076923076923,0.6817692307692307,127.40023076923077
Misfits,13,8.076923076923077,1.0,0.07692307692307693,4.153846153846154,1.2307692307692308,0.36830769230769234,0.8936153846153847,-9.492461538461539,0.06261538461538461,0.16979251615384616,0.05325534615384615,0.23854615384615385,0.13203846153846152,120.34023076923077
Bad Boy Bill,34,8.088235294117647,6.5,0.058823529411764705,1.0,1.8529411764705883,0.7462647058823529,0.8404999999999999,-4.957794117647059,0.06978235294117648,0.016493238235294118,0.3717755323529412,0.18061176470588236,0.4557735294117647,126.30194117647058
Katy Perry,41,8.097560975609756,0.0,0.0,1.048780487804878,1.0975609756097562,0.724390243902439,0.6634390243902439,-5.860024390243902,0.10717560975609755,0.09501346341463414,0.0049762275609756094,0.14331463414634146,0.5646341463414635,135.26236585365854
Almklausi,7,8.142857142857142,0.0,0.0,1.8571428571428572,1.4285714285714286,0.6671428571428571,0.9662857142857143,-2.480857142857143,0.11397142857142858,0.09691428571428572,0.0,0.43542857142857144,0.7507142857142857,137.317
Don Omar,45,8.155555555555555,1.0,0.022222222222222223,4.711111111111111,1.3555555555555556,0.7720222222222222,0.7987555555555557,-5.15,0.10177333333333333,0.10099799999999999,0.007270211555555555,0.14495333333333332,0.7924444444444444,111.63051111111112
Model 500,26,8.23076923076923,8.0,0.0,1.0,1.1538461538461537,0.7316538461538461,0.7430384615384615,-12.628038461538463,0.08246538461538461,0.03415442307692308,0.6664384615384615,0.22568461538461537,0.5522307692307693,127.92911538461539
Four Tops,9,8.333333333333334,0.0,0.0,2.6666666666666665,1.1111111111111112,0.5945555555555555,0.6206666666666667,-7.654333333333333,0.03623333333333333,0.30043333333333333,0.005068366666666667,0.1923,0.6108888888888889,105.45577777777777
DJ Sneak,21,8.333333333333334,8.0,0.047619047619047616,1.0,1.8095238095238095,0.7856190476190477,0.8375714285714285,-7.987666666666666,0.06823333333333334,0.0012615914285714286,0.7208904761904762,0.159,0.4969047619047619,125.09190476190476
Jack Harlow,66,8.363636363636363,0.0,0.8787878787878788,1.621212121212121,1.3181818181818181,0.8446363636363636,0.5989848484848485,-6.968378787878788,0.14353939393939394,0.11844727272727273,0.02064540272727273,0.12381666666666669,0.4253181818181818,120.41992424242424
Smash Mouth,10,8.4,0.0,0.0,2.0,1.0,0.7138,0.8775000000000001,-5.645300000000001,0.03519,0.03745,6.4e-07,0.11678999999999999,0.7904,101.8515
James Blunt,10,8.5,1.0,0.6,1.0,1.0,0.6416000000000001,0.6553,-7.327799999999999,0.03353,0.359812,2.0110000000000002e-05,0.13882,0.5587,114.7748
J.M. Silk,8,8.5,7.5,0.0,1.0,1.5,0.7865,0.82575,-7.470375,0.0538625,0.029061,0.11857062500000001,0.1536375,0.829375,122.125625
Luciano Pereyra,5,8.6,0.0,0.0,1.6,1.0,0.6264000000000001,0.6758,-6.7468,0.04418,0.3216,6.516000000000001e-06,0.11224,0.6128,112.3134
LOS HERMANOS,5,8.6,8.0,0.0,1.0,1.0,0.7194,0.6858,-10.212,0.10826,0.0438256,0.9054,0.18658,0.6608,132.0376
Chicken Dance Mix DJ's,5,8.6,9.0,0.0,1.0,1.0,0.762,0.8102,-5.9799999999999995,0.20996,0.1184934,0.0,0.10676,0.6824,125.69919999999999
ONYVAA,19,8.68421052631579,8.0,0.0,1.0,1.5263157894736843,0.6727368421052632,0.7847894736842105,-10.678736842105263,0.05565789473684211,0.005964147368421054,0.8751052631578947,0.11546315789473684,0.17934736842105262,132.63305263157895
Sterling Void,13,8.692307692307692,8.0,0.0,1.0,2.230769230769231,0.6890000000000001,0.8197692307692308,-6.671153846153846,0.04426153846153846,0.031139915384615382,0.16533676923076923,0.1560846153846154,0.5471538461538462,123.25953846153847
Psyche/BFC,7,8.714285714285714,8.0,0.0,1.0,1.0,0.6868571428571428,0.7872857142857143,-8.617285714285714,0.05032857142857143,0.06144485714285714,0.8582857142857143,0.1410142857142857,0.3267428571428571,125.65585714285714
Omar Apollo,20,8.75,0.0,0.2,1.0,1.1,0.6975,0.40075000000000005,-8.98025,0.05641500000000001,0.401645,0.0021959989999999997,0.22644999999999998,0.42140000000000005,104.67415000000001
Jomanda,8,8.75,7.5,0.0,1.0,1.125,0.778,0.602375,-11.403125,0.0461125,0.06544525,0.08423610875,0.1192125,0.754125,111.87225000000001
Octave One,33,8.787878787878787,7.0,0.0,1.0303030303030303,1.1818181818181819,0.7568787878787879,0.7244848484848485,-9.30769696969697,0.06209696969696969,0.049134655454545456,0.6914025393939394,0.11117272727272728,0.4994030303030303,128.98524242424241
Delano Smith,20,8.8,6.5,0.0,1.0,1.2,0.8252499999999999,0.56835,-12.10325,0.095975,0.08539641499999999,0.81483,0.10994,0.44342,125.16735000000001
Gabby Barrett,24,8.833333333333334,0.0,0.0,1.0,1.0833333333333333,0.492125,0.5839166666666666,-5.192625,0.032204166666666666,0.20149499999999998,8.458333333333333e-07,0.134625,0.3722083333333333,85.245
Alphaxone,114,8.833333333333334,8.5,0.0,1.0,1.3859649122807018,0.1387298245614035,0.25153859649122806,-23.107745614035085,0.059936842105263156,0.6368078947368422,0.8859649122807017,0.1427543859649123,0.05268070175438597,97.5215
Ava Max,38,8.842105263157896,0.0,0.0,1.0,1.0789473684210527,0.619157894736842,0.7711315789473684,-4.172342105263158,0.07885,0.10861210526315788,0.0002272568421052632,0.12067631578947369,0.4991052631578948,141.2801315789474
Majid Jordan,8,8.875,0.0,0.0,1.0,1.5,0.7075,0.764,-5.574,0.07075000000000001,0.014215,2.3250000000000003e-05,0.20425000000000001,0.5415,97.9235
Moliy,9,9.0,6.0,0.0,1.0,1.6666666666666667,0.7115555555555555,0.522888888888889,-8.573555555555556,0.10134444444444445,0.4177222222222222,0.06638237777777778,0.14173333333333335,0.661,130.25577777777778
Juls,6,9.0,0.0,0.6666666666666666,1.0,2.3333333333333335,0.8476666666666667,0.512,-7.883500000000001,0.1435,0.131,0.0004268833333333334,0.10778333333333334,0.5855,107.18266666666666
Larry Gaaga,6,9.0,0.0,0.16666666666666666,1.0,2.3333333333333335,0.8013333333333333,0.6306666666666666,-5.6325,0.15256666666666666,0.5098333333333334,0.015895543333333335,0.12703333333333333,0.6859999999999999,103.54883333333333
Chelsea Cutler,7,9.0,0.0,0.2857142857142857,2.7142857142857144,1.2857142857142858,0.5975714285714285,0.33314285714285713,-10.725,0.04284285714285714,0.6561428571428571,5.199999999999999e-06,0.16957142857142857,0.30642857142857144,112.24428571428572
Anitta,35,9.028571428571428,0.0,0.11428571428571428,2.0,1.6571428571428573,0.7716571428571428,0.7238857142857142,-4.892885714285715,0.07962,0.11406628571428572,0.0005798822857142858,0.14594,0.5296857142857143,117.19760000000001
KAROL G,72,9.083333333333334,1.0,0.2916666666666667,1.9722222222222223,1.625,0.7460555555555556,0.7311944444444445,-4.193569444444445,0.17170694444444445,0.26244708333333333,0.0009306941666666666,0.1303763888888889,0.5603611111111112,127.05704166666666
Kevin Saunderson,33,9.121212121212121,8.0,0.030303030303030304,1.0,2.1818181818181817,0.7076969696969697,0.7989393939393938,-8.286030303030303,0.06303939393939395,0.04041265757575758,0.7724415151515152,0.18942121212121213,0.3844212121212121,126.7591515151515
NEIKED,17,9.176470588235293,0.0,0.0,1.0588235294117647,3.0,0.6474117647058824,0.8071176470588235,-3.994941176470588,0.10198823529411764,0.0564,5.976470588235294e-07,0.4751411764705882,0.8511764705882353,132.18688235294118
Pierre's Pfantasy Club,5,9.2,10.0,0.0,1.0,1.4,0.799,0.8442000000000001,-9.2788,0.06386,0.0361922,0.2102332,0.06626,0.8283999999999999,126.11779999999999
Anenon,10,9.2,9.0,0.0,1.0,1.0,0.3336,0.3384,-13.9429,0.06061,0.7137,0.83545,0.15672,0.12249000000000002,110.6577
Tom Petty,9,9.222222222222221,1.0,0.0,3.3333333333333335,1.0,0.665,0.6816666666666666,-11.153555555555556,0.02887777777777778,0.0637888888888889,3.3999999999999996e-06,0.06767777777777778,0.7238888888888888,101.80477777777777
Skurken,9,9.222222222222221,9.0,0.0,1.0,1.1111111111111112,0.6328888888888888,0.6407777777777778,-7.242111111111111,0.27644444444444444,0.3886777777777778,1.1033333333333333e-06,0.20835555555555554,0.5163333333333333,106.26777777777778
Underground Resistance,22,9.227272727272727,8.5,0.0,1.0,1.0454545454545454,0.6896818181818182,0.7020909090909091,-12.177636363636365,0.0753590909090909,0.03914020454545455,0.7476109090909091,0.14672272727272728,0.37405000000000005,136.89404545454545
Romanthony,29,9.241379310344827,7.0,0.0,1.0,1.7586206896551724,0.8153793103448276,0.6460344827586206,-8.235,0.14334137931034482,0.019742689655172414,0.32371438344827586,0.15488620689655172,0.47272413793103446,122.482
The Prophet,87,9.275862068965518,4.0,0.011494252873563218,1.8160919540229885,1.103448275862069,0.6109080459770115,0.9004022988505747,-4.847275862068966,0.10418620689655173,0.05302637816091955,0.3941141425287356,0.24493103448275863,0.22378965517241378,144.18603448275863
Yimino,6,9.333333333333334,9.0,0.0,1.0,2.1666666666666665,0.6705,0.49016666666666664,-12.354666666666667,0.05306666666666667,0.2552666666666667,0.8978333333333334,0.14658333333333332,0.1841,104.16783333333335
"Farley ""Jackmaster"" Funk",12,9.333333333333334,8.0,0.5,1.0,1.25,0.7808333333333334,0.8903333333333333,-7.09625,0.083825,0.07047433333333333,0.5469604124999999,0.11110833333333332,0.699,119.43016666666666
Rashid Beibutov,32,9.34375,8.0,0.0,1.0,1.1875,0.437125,0.263353125,-12.09428125,0.0529,0.97284375,0.0484360478125,0.22545,0.43859375,110.13078125
Suburban Knight,5,9.4,7.0,0.0,1.0,1.0,0.6950000000000001,0.853,-12.1778,0.08798,0.079436,0.899,0.2254,0.4566,135.34920000000002
Seinabo Sey,7,9.428571428571429,0.0,0.0,1.8571428571428572,1.4285714285714286,0.543142857142857,0.4508571428571428,-10.083571428571428,0.09991428571428572,0.6224285714285714,0.00011755714285714286,0.1694142857142857,0.4775714285714286,112.77214285714285
Cooltime Kids,43,9.44186046511628,10.0,0.0,1.4186046511627908,1.0,0.679813953488372,0.6330465116279069,-7.090604651162791,0.05323255813953489,0.32008902325581395,7.30153488372093e-05,0.16564883720930232,0.7739999999999999,123.23065116279069
Alessia Cara,38,9.447368421052632,0.0,0.0,1.0526315789473684,1.0,0.5315,0.5582368421052631,-7.652263157894737,0.0981,0.16005526315789476,5.726315789473684e-05,0.33886052631578945,0.35926315789473684,102.16013157894737
Pal Joey,17,9.529411764705882,7.0,0.0,1.0,1.0,0.7854117647058824,0.6451764705882352,-11.626411764705882,0.09800588235294116,0.010548411764705883,0.7545470588235293,0.14013529411764705,0.5512941176470588,126.71482352941177
Carrie Underwood,15,9.533333333333333,0.0,0.0,1.0,1.4,0.4348,0.6052,-5.140066666666667,0.04761333333333333,0.45501733333333333,0.0,0.16936666666666664,0.4423333333333333,107.28186666666667
Tineidae,13,9.538461538461538,9.0,0.0,1.0,1.0769230769230769,0.2,0.33284615384615385,-16.6,0.04270769230769231,0.3156,0.9068461538461539,0.10724615384615385,0.04754615384615384,113.90569230769232
Styx,7,9.571428571428571,0.0,0.0,1.0,1.0,0.2895714285714286,0.38742857142857146,-9.768571428571429,0.033,0.34628571428571425,0.0,0.10809999999999999,0.16475714285714285,100.23357142857142
Kenny Larkin,21,9.571428571428571,8.0,0.0,1.619047619047619,1.0952380952380953,0.707,0.7029047619047619,-12.16947619047619,0.07102380952380953,0.049240714285714283,0.6253110952380952,0.09328095238095238,0.5085952380952381,131.42019047619047
Armando,19,9.578947368421053,9.0,0.05263157894736842,1.0,1.105263157894737,0.8080526315789474,0.7465263157894736,-9.605473684210526,0.11585263157894737,0.02455525789473684,0.728548947368421,0.1143,0.6547368421052632,129.16794736842104
The Cardigans,8,9.625,0.5,0.0,1.0,1.0,0.6265,0.700875,-5.647749999999999,0.028775,0.02011325,0.00030629249999999995,0.20825,0.74475,119.13125
Disclosure,8,9.625,0.0,0.0,1.0,1.875,0.645875,0.79925,-6.316875,0.1150125,0.01712875,0.0574963125,0.1935875,0.641375,124.37
Becky Hill,24,9.666666666666666,0.0,0.5,2.875,1.8333333333333333,0.6510833333333333,0.8160416666666667,-4.314791666666667,0.06690416666666667,0.08184579166666667,0.00538463375,0.2735708333333333,0.5949166666666666,136.18466666666666
Moonbootica,7,9.714285714285714,0.0,0.0,1.4285714285714286,1.1428571428571428,0.7737142857142858,0.8422857142857143,-7.088857142857143,0.062357142857142854,0.0033989,0.6674285714285714,0.06337142857142856,0.6274285714285714,122.59114285714286
Theo Parrish,54,9.722222222222221,8.0,0.0,1.0185185185185186,1.4074074074074074,0.7340000000000001,0.5969333333333333,-14.014222222222223,0.09017777777777779,0.10079055555555555,0.7907388888888889,0.13294814814814815,0.3983666666666667,116.77305555555556
Sam Smith,38,9.736842105263158,0.0,0.0,1.2894736842105263,1.0526315789473684,0.5172105263157895,0.29281578947368425,-8.727684210526315,0.0443921052631579,0.7536842105263158,1.5160000000000002e-05,0.22120789473684213,0.3589473684210526,92.50415789473684
Glenn Underground,38,9.81578947368421,8.0,0.0,1.0,1.0263157894736843,0.7486315789473684,0.6240526315789473,-12.952394736842104,0.06513157894736843,0.043089236842105264,0.6901184210526315,0.07744473684210526,0.7267631578947369,122.37881578947369
Terrence Parker,45,9.844444444444445,8.0,0.0,1.0,1.3555555555555556,0.7422222222222222,0.7388,-8.549133333333334,0.05420888888888889,0.020836622222222222,0.5384067533333333,0.1349711111111111,0.7038666666666666,123.019
Elderbrook,7,9.857142857142858,0.0,0.0,1.0,1.5714285714285714,0.7601428571428571,0.6355714285714286,-7.510285714285715,0.06628571428571428,0.2207442857142857,0.21962328571428572,0.16735714285714284,0.5434285714285714,120.03371428571428
Alvin & The Chipmunks,15,9.866666666666667,0.0,0.0,1.0,1.8666666666666667,0.6266666666666667,0.5208666666666667,-8.291,0.06430666666666666,0.5997933333333333,0.0014003366666666668,0.14896666666666664,0.7619333333333334,149.39213333333333
Fast Eddie,31,9.935483870967742,8.0,0.0,1.0,1.4193548387096775,0.8309032258064516,0.8544516129032258,-7.233193548387097,0.08855483870967742,0.005470112903225806,0.31300088387096775,0.14148064516129033,0.6624741935483871,125.23077419354838
Poop Emoji,23,9.956521739130435,9.0,0.0,1.0,1.0,0.7955652173913045,0.5936521739130435,-8.219217391304348,0.1752782608695652,0.21582173913043481,7.386956521739129e-07,0.25303478260869566,0.802,105.83365217391304
Porya Hatami,25,10.04,7.0,0.0,1.0,1.4,0.19582,0.1850408,-22.996959999999998,0.046872,0.9322400000000001,0.87684,0.19966799999999998,0.062424,87.28703999999999
Derrick May,15,10.066666666666666,7.0,0.0,1.0,1.1333333333333333,0.6948666666666666,0.7846666666666666,-11.023066666666667,0.07274666666666667,0.054543293333333326,0.6901265333333334,0.13044,0.59746,131.66093333333333
K-Hand,15,10.133333333333333,7.0,0.0,1.0,1.0,0.7468,0.7451333333333333,-9.8436,0.09830666666666668,0.031187100000000002,0.6088584666666667,0.14134666666666668,0.46613333333333334,130.4916
Little Big Town,7,10.142857142857142,0.0,0.0,1.0,1.0,0.459,0.4828571428571428,-8.404571428571428,0.04475714285714286,0.5677142857142857,0.0,0.27314285714285713,0.4202857142857143,143.5345714285714
Frédéric Chopin,17,10.176470588235293,0.0,0.0,1.0,2.0,0.30747058823529416,0.07127882352941177,-26.316176470588236,0.04065882352941177,0.9866470588235294,0.9060588235294118,0.18225882352941175,0.1578705882352941,91.56911764705882
Ten City,42,10.19047619047619,8.0,0.0,1.0,1.1904761904761905,0.703595238095238,0.7216428571428571,-10.234714285714286,0.06031190476190477,0.061681521428571424,0.047452515714285715,0.14656190476190475,0.7285,120.54552380952381
Lil' Ron Ron,5,10.2,9.0,0.0,1.0,1.0,0.8932,0.4742,-9.0852,0.32442000000000004,0.26461999999999997,0.14838487,0.13424,0.7302,130.6268
Fingers Inc.,8,10.25,9.0,0.0,1.0,1.0,0.7605,0.836875,-5.95225,0.080675,0.089005,0.08633312500000001,0.0848125,0.654875,120.72925000000001
Lani Love,8,10.25,9.0,0.0,1.0,1.375,0.76675,0.5623750000000001,-7.535125000000001,0.420375,0.13988875,0.00010962,0.13235,0.417625,129.089375
Blake Baxter,8,10.25,8.5,0.0,1.0,1.0,0.753125,0.74025,-10.455125,0.0731375,0.10709315,0.743549625,0.2246125,0.648875,123.403
Jeff Mills,31,10.290322580645162,8.0,0.0,1.032258064516129,1.1290322580645162,0.6143548387096774,0.7421290322580645,-11.711483870967742,0.06047741935483871,0.13019312258064517,0.7160031935483872,0.25703225806451613,0.5219580645161291,123.70583870967741
Rudimental,14,10.357142857142858,0.0,0.14285714285714285,2.857142857142857,3.357142857142857,0.7037857142857142,0.7457142857142857,-4.777499999999999,0.04802857142857143,0.1352642857142857,0.001121,0.13455714285714285,0.5767142857142857,118.78471428571427
Apache Indian,27,10.37037037037037,2.0,0.0,1.0,1.2222222222222223,0.8124444444444444,0.764,-6.646703703703704,0.13092592592592592,0.08911518518518519,0.0002457588888888889,0.15089259259259258,0.7540370370370371,115.98566666666666
Ecko,8,10.375,0.0,0.0,1.0,1.625,0.78475,0.61825,-6.44725,0.160575,0.089075,0.0195236875,0.12162500000000001,0.5780000000000001,126.76599999999999
Wolfgang Amadeus Mozart,305,10.416393442622951,7.0,0.0,1.0,2.8262295081967213,0.41352688524590164,0.12354488524590164,-22.169567213114753,0.047291803278688524,0.9677409836065574,0.7436623814754099,0.15632622950819672,0.5012859016393443,111.7425213114754
Marvin Gaye,14,10.428571428571429,0.0,0.0,2.7142857142857144,1.3571428571428572,0.5292857142857142,0.577,-7.979071428571428,0.039071428571428576,0.31158142857142856,0.0019359885714285714,0.18257142857142858,0.6592857142857144,131.45764285714284
Robert Hood,56,10.5,8.0,0.0,1.4642857142857142,1.0535714285714286,0.7226428571428573,0.7763392857142858,-10.800767857142857,0.06803392857142856,0.08857452696428571,0.8338542857142857,0.15591964285714285,0.3386767857142857,131.466125
Ron Trent,40,10.6,9.0,0.0,1.0,1.375,0.7291000000000001,0.69625,-9.585975000000001,0.0691425,0.073525825,0.7198145,0.1251525,0.5909449999999999,123.959175
Carl & Pearl Butler,5,10.6,10.0,0.0,1.0,1.0,0.5588,0.3294,-12.747,0.03038,0.7238,1.4884000000000002e-05,0.2324,0.5965999999999999,114.2798
Jovonn,20,10.6,9.0,0.0,1.0,1.4,0.8089000000000001,0.72985,-9.707,0.092045,0.022351125,0.61534,0.09279499999999999,0.6597999999999999,123.2127
Ocoeur,17,10.647058823529411,9.0,0.0,1.0,1.0,0.388,0.3407705882352941,-16.32029411764706,0.055099999999999996,0.7082941176470589,0.8458235294117646,0.13555882352941176,0.0746,119.47505882352941
Dinah Washington,6,10.666666666666666,0.0,0.0,2.3333333333333335,1.1666666666666667,0.47433333333333333,0.2632666666666667,-11.785833333333334,0.04701666666666667,0.7956666666666666,4.545833333333333e-05,0.10886666666666667,0.39683333333333337,116.61066666666666
Cybass,6,10.666666666666666,11.0,0.0,1.0,1.0,0.5795,0.7298333333333332,-9.003166666666667,0.0479,0.1397425,0.7993333333333333,0.20976666666666666,0.28653333333333336,115.59349999999999
Oingo Boingo,18,10.666666666666666,1.0,0.0,1.0,1.0,0.5967777777777777,0.8178333333333333,-8.132222222222222,0.04383888888888889,0.23883611111111114,0.0006714111111111111,0.2944222222222222,0.7754444444444445,137.68994444444445
Igor Talkov,27,10.703703703703704,8.0,0.0,1.0,1.037037037037037,0.5504074074074075,0.44322222222222224,-12.481851851851852,0.0478037037037037,0.5785925925925925,0.017451263333333335,0.2561407407407407,0.42643333333333333,130.32440740740742
Roy Woods,7,10.714285714285714,0.0,0.2857142857142857,1.0,1.2857142857142858,0.5824285714285714,0.47257142857142853,-8.756571428571428,0.052142857142857144,0.1314,1.7085714285714287e-06,0.15485714285714286,0.16185714285714287,97.90685714285713
OSAMU SATO,5,10.8,10.0,0.0,1.0,1.2,0.563,0.8635999999999999,-8.9038,0.04096,0.080838,0.7769999999999999,0.1777,0.7766,143.1922
Spineshank,5,10.8,0.0,0.4,3.0,1.0,0.5564,0.9206,-4.1066,0.0551,3.902e-05,0.0013907919999999999,0.09548000000000001,0.4664,128.7132
Chaos Team,5,10.8,0.0,0.0,1.2,2.0,0.6906,0.9296,-3.7864000000000004,0.06908,0.09276,2.444e-06,0.34299999999999997,0.5873999999999999,144.8374
Ryan Elliott,6,10.833333333333334,10.0,0.0,1.0,1.1666666666666667,0.7538333333333332,0.6133333333333334,-12.752333333333333,0.07118333333333333,0.013894733333333333,0.8998333333333334,0.09721666666666667,0.321,130.05833333333334
Lomoplay,6,11.0,7.0,0.0,1.0,1.0,0.5908333333333333,0.3678333333333333,-11.568166666666665,0.0706,0.5081666666666667,0.8574999999999999,0.17983333333333332,0.41033333333333327,126.45983333333334
Sofía Reyes,14,11.0,0.0,0.21428571428571427,1.2857142857142858,3.0,0.7860000000000001,0.8641428571428572,-3.2407857142857144,0.06137142857142857,0.1682142857142857,0.0,0.05427857142857143,0.7727142857142857,96.06214285714286
Still Woozy,7,11.0,0.0,0.14285714285714285,1.8571428571428572,1.0,0.7291428571428572,0.4985714285714286,-9.962571428571428,0.07317142857142857,0.6088571428571429,0.13194857142857144,0.10562857142857143,0.6298571428571428,94.34414285714286
Monolake,7,11.0,11.0,0.0,1.0,1.0,0.4547142857142857,0.3588428571428572,-18.327571428571428,0.07474285714285714,0.142486,0.7055714285714286,0.09962857142857143,0.28664285714285714,123.67871428571428
Blake Rules,55,11.10909090909091,10.0,0.01818181818181818,1.0,1.981818181818182,0.8472363636363636,0.4526545454545455,-11.862236363636363,0.2586981818181818,0.24684672727272727,0.018496872909090908,0.16974545454545456,0.51506,123.54636363636364
Scan 7,8,11.125,11.0,0.0,1.0,1.0,0.765,0.8160000000000001,-7.710125,0.0732,0.040105337500000005,0.75875,0.1119625,0.761625,127.5075
Fresco Trey,11,11.181818181818182,0.0,1.0,1.0,1.7272727272727273,0.7296363636363636,0.5169090909090909,-6.969818181818181,0.05570909090909091,0.19672727272727275,0.0,0.12334545454545455,0.657,94.53763636363637
Roy Davis Jr.,27,11.185185185185185,7.0,0.0,1.0,1.5555555555555556,0.7942962962962964,0.6418518518518518,-10.053777777777778,0.06747777777777778,0.023273637037037036,0.49208524444444446,0.12184444444444445,0.7248518518518519,122.708
Calibre,8,11.25,15.0,0.375,1.0,1.0,0.53725,0.8415,-6.73025,0.10581249999999999,0.004617375,0.54937998,0.20350000000000001,0.27713750000000004,142.426375
Ali Farka Touré,12,11.25,10.0,0.0,1.0,1.6666666666666667,0.53725,0.3474166666666667,-13.359166666666667,0.042275,0.7483333333333334,0.45025000000000004,0.14484166666666667,0.521,123.70341666666667
Bruno Mars,41,11.268292682926829,1.0,0.0,1.7804878048780488,2.5853658536585367,0.6653414634146342,0.647829268292683,-7.463146341463414,0.03996585365853659,0.09725878048780488,0.0011556551219512195,0.1660560975609756,0.6968390243902439,127.95946341463414
Kelpe,13,11.307692307692308,11.0,0.0,1.0,1.0769230769230769,0.5834615384615385,0.4790076923076923,-13.989692307692307,0.0946846153846154,0.3694707692307692,0.7115392307692308,0.19205384615384613,0.3767076923076923,104.61976923076924
Tony Vega,13,11.384615384615385,0.0,0.0,1.0,1.0,0.6133076923076923,0.6986153846153846,-8.008923076923077,0.03993076923076923,0.4672384615384615,5.808307692307692e-05,0.1231,0.8174615384615385,130.04492307692308
Christina Perri,13,11.384615384615385,0.0,0.0,1.1538461538461537,1.2307692307692308,0.4897692307692308,0.3897,-10.234153846153847,0.031853846153846156,0.5316206923076923,0.0030755753846153848,0.12888461538461538,0.19630769230769232,101.1196923076923
Inner City,84,11.392857142857142,8.0,0.0,1.0,1.4047619047619047,0.6781785714285714,0.8079642857142857,-9.365404761904761,0.04924166666666667,0.03328852261904762,0.27615705154761905,0.17768214285714284,0.6548369047619048,123.17377380952381
Mr. Lee,7,11.428571428571429,7.0,0.0,1.0,1.0,0.7505714285714286,0.6689999999999999,-11.668142857142856,0.12149999999999998,0.09536857142857143,0.45521500000000004,0.10988571428571428,0.49557142857142855,124.56242857142857
Matoma,6,11.5,0.0,0.0,3.0,2.0,0.6881666666666666,0.827,-7.405833333333334,0.045283333333333335,0.04578000000000001,0.008748166666666666,0.10159999999999998,0.25833333333333336,121.32066666666667
The Police,8,11.5,0.5,0.0,1.0,1.0,0.596875,0.513625,-8.676625,0.1069,0.11573750000000001,0.40297089625000004,0.19529999999999997,0.509625,111.47175
Huda Hudia,6,11.5,11.5,0.0,1.0,2.0,0.6945,0.9155000000000001,-4.559666666666667,0.06616666666666667,0.0027722000000000003,0.34030999999999995,0.11781666666666668,0.4038333333333333,127.33983333333333
Paul Johnson,59,11.525423728813559,9.0,0.0,1.1016949152542372,1.2372881355932204,0.7909661016949153,0.7954237288135593,-8.623322033898305,0.08623220338983051,0.03447610305084746,0.5228154033898305,0.14026949152542373,0.605,126.02903389830509
Oliver Tree,17,11.529411764705882,2.0,0.23529411764705882,1.0588235294117647,1.2352941176470589,0.6706470588235294,0.6261176470588236,-5.724941176470588,0.06588235294117648,0.08836588235294117,0.0002517647058823529,0.1769764705882353,0.4414705882352941,95.48741176470588
Catie Turner,11,11.545454545454545,0.0,0.09090909090909091,2.0,1.0,0.5024545454545455,0.41818181818181815,-9.008818181818182,0.07794545454545455,0.6020909090909091,5.781818181818182e-06,0.1263181818181818,0.3210909090909091,100.298
Foy Vance,9,11.555555555555555,0.0,0.0,2.5555555555555554,1.3333333333333333,0.616111111111111,0.3329333333333333,-11.536888888888889,0.06976666666666667,0.6944444444444444,0.0007735111111111111,0.10111111111111111,0.44199999999999995,113.15933333333334
Gadget,7,11.571428571428571,11.0,0.0,1.0,1.0,0.28514285714285714,0.9662857142857143,-5.596571428571429,0.149,2.042857142857143e-06,0.35834,0.3734285714285714,0.14420000000000002,132.7982857142857
Have Fun Teaching,15,11.6,10.0,0.0,1.0,1.0,0.8898666666666666,0.619,-7.876,0.11526666666666667,0.06859586666666666,0.000222562,0.21520666666666666,0.6983333333333334,119.60933333333334
Against The Current,5,11.6,0.0,0.0,1.0,1.0,0.5356,0.892,-5.340999999999999,0.05648000000000001,0.0001684,0.0004952,0.20659999999999998,0.43179999999999996,132.823
Colombo,13,11.615384615384615,10.0,0.0,1.0,1.0,0.755,0.8187692307692308,-6.552461538461539,0.07857692307692309,0.0034786923076923076,0.806923076923077,0.06345384615384615,0.4169999999999999,130.92707692307692
Ina Colada,9,11.666666666666666,0.0,0.0,1.0,1.2222222222222223,0.5901111111111111,0.980111111111111,-2.294888888888889,0.08467777777777778,0.13143666666666667,0.0,0.31922222222222224,0.779,109.583
Mark D. Pencil,12,11.666666666666666,11.0,0.0,1.0,1.0,0.7920833333333333,0.7053333333333334,-8.026833333333334,0.200075,0.047424858333333327,0.06653935583333333,0.13253333333333334,0.5718333333333333,134.44266666666667
Ivan Rebroff,49,11.693877551020408,11.0,0.0,1.0,1.183673469387755,0.3172285714285714,0.4588979591836735,-11.267938775510205,0.06061224489795919,0.8162081632653061,0.14230053142857144,0.22004897959183675,0.41991836734693877,112.70314285714285
Alinka,7,11.714285714285714,13.0,0.0,1.0,1.2857142857142858,0.7537142857142857,0.8167142857142856,-8.668142857142858,0.050242857142857145,0.0022745571428571427,0.809,0.10567142857142857,0.5024285714285714,127.1557142857143
Polish Club,11,11.727272727272727,0.0,0.2727272727272727,1.0,1.0,0.33045454545454545,0.903090909090909,-4.375181818181819,0.1446181818181818,0.04681391818181819,0.00021431727272727276,0.4816090909090909,0.4138181818181818,155.99027272727272
Cody,12,11.75,10.5,0.0,1.0,4.916666666666667,0.8534166666666666,0.5624166666666667,-7.652083333333334,0.17249166666666668,0.44602499999999995,4.2e-07,0.19053333333333333,0.8566666666666666,118.42233333333333
Mrs Mills,8,11.75,10.5,0.0,1.0,1.0,0.6445,0.538625,-10.9195,0.0425,0.622375,0.885375,0.1742125,0.909,124.026625
B12,8,11.75,12.0,0.0,1.0,1.0,0.6975,0.682125,-9.485624999999999,0.0564,0.36831375,0.72575,0.106825,0.59,125.2805
